review_id,thumbs_up_count,bank,complaint_tags
dae8f472-baf0-4fdb-a00e-53d470a351f9,40,Metrobank,['Performance']
ea0c00ac-6f89-407e-b526-e42d535e0e38,32,Metrobank,"['App Stability', 'Customer Service']"
26c102d8-8b97-4c7e-86f1-6d8fcba76eb2,31,Metrobank,"['Performance', 'Customer Service']"
a73211bc-e40e-413f-947f-6966466f13a8,26,Metrobank,"['Login/Authentication', 'Transaction Failures']"
f9e3a177-e3e8-47d9-93b8-7372dce8a882,26,Metrobank,"['App Stability', 'Performance']"
26cc079f-f838-4bdf-b599-933a6edc5693,25,Metrobank,"['Login/Authentication', 'App Stability']"
8b7edd7e-e550-4beb-9aa6-e84142c0316a,24,Metrobank,['Performance']
c2db1556-9e4e-42f4-9757-7f4f6273effb,23,Metrobank,"['Login/Authentication', 'App Stability', 'Performance']"
ea61998c-f544-4fbe-881e-3f6dff7271f1,23,Metrobank,"['Customer Service']"
369e4a41-204b-4fed-87a8-0ae1cbb6cd7d,22,Metrobank,"['Login/Authentication', 'Performance']"
789a92dd-3a47-486b-aedb-96ae0073a9ad,22,Metrobank,['Uncategorized']
7d11e126-0699-455c-8b74-2c13765589b4,22,Metrobank,['Login/Authentication']
c8716b7e-4a9c-4840-b817-7e227072b223,21,Metrobank,"['App Stability', 'Performance']"
f6c33c5f-4220-445a-87aa-1716f8f9b453,21,Metrobank,"['App Stability', 'Performance']"
b85f862a-0d77-4874-8a0b-c341156daa66,20,Metrobank,"['App Stability']"
e6250318-bc70-40f9-aa7f-c39a0853e29a,20,Metrobank,"['Login/Authentication', 'App Stability', 'Performance']"
8a24ae98-8107-4ab4-b750-d79fd8206d07,18,Metrobank,['Uncategorized']
136c0abe-dc0d-4adf-81f2-d44bfeb892a1,17,Metrobank,['Login/Authentication']
5724043c-c5f0-4f5d-9683-1ad5f3f72f13,15,Metrobank,"['Customer Service']"
9682ba35-bbdd-4734-bcb2-db26eb72bed6,15,Metrobank,"['App Stability', 'Performance']"
abb669cf-5666-444f-9eb6-24cdba7c8cc6,15,Metrobank,['Login/Authentication']
013acb22-ac26-4ba4-ad0e-de8242867e60,14,Metrobank,['Uncategorized']
ae8f64d5-39a3-4423-9762-57222e6d52bd,13,Metrobank,"['Login/Authentication', 'Performance']"
ef1e5abc-8c0f-48f3-9eaf-aa0d014b3879,12,Metrobank,['Login/Authentication']
fa77d513-f980-4473-8646-535b935ec5ff,12,Metrobank,"['App Stability']"
f29669e9-62e5-4325-ae16-b5049d58ff10,11,Metrobank,['Login/Authentication']
f79a40ea-9083-47f8-b4e5-68a2e2a3303e,11,Metrobank,"['Login/Authentication', 'App Stability', 'Performance']"
5d0fdc2a-b853-43e8-93f5-fc2d097f05e1,9,Metrobank,"['Login/Authentication', 'App Stability']"
59d67e36-59c7-4a71-b4af-7f9482aee4ca,8,Metrobank,"['App Stability', 'Performance']"
1495559e-45ff-405d-913e-8d8092252f26,7,Metrobank,['Uncategorized']
4ec2ad9e-5e57-498f-b869-3c0e84fb95d9,7,Metrobank,"['Login/Authentication', 'App Stability']"
7b340071-e499-4a13-a99e-0c91f1f7af4d,7,Metrobank,"['Login/Authentication', 'Performance']"
fef7f95f-d47b-44e2-b377-61b37398cf4f,7,Metrobank,['Uncategorized']
50766dfe-dda3-43b9-81a4-df8cf74ff38b,6,Metrobank,['Uncategorized']
ca5c3670-b0a9-47b1-b48b-f9fffb13a976,6,Metrobank,"['App Stability', 'Performance']"
028696f4-cf5d-48b8-9105-3b1b2e90dd58,5,Metrobank,"['Login/Authentication', 'App Stability', 'Performance']"
034eb48e-e581-430d-8ac4-a24142a68747,5,Metrobank,['Login/Authentication']
0e8216b7-846b-400d-ae5a-e27f970bbf8b,5,Metrobank,['Login/Authentication']
2b2ce23b-a2ce-4956-a45d-4df6470e4999,5,Metrobank,"['App Stability', 'Performance']"
2d1fa62c-fa1a-4805-82df-73e987ca6aab,5,Metrobank,"['Login/Authentication', 'App Stability', 'Performance', 'Transaction Failures']"
3b1f108f-8037-4a48-9a51-92ef9ff4d3ce,5,Metrobank,"['Login/Authentication', 'Performance']"
8eccab37-c4ef-46c9-b59c-f5823e512cb8,5,Metrobank,['Login/Authentication']
ba140382-99ff-4c41-b73d-a355aaba26c0,5,Metrobank,"['Login/Authentication', 'App Stability']"
c8ecc1bf-c4a9-409a-b88d-423652d065c7,5,Metrobank,['Login/Authentication']
24d64f77-eefb-4444-ba52-7040467a4167,4,Metrobank,['Performance']
2966a50d-ee66-42a5-be58-65450764f7da,4,Metrobank,['Uncategorized']
3c86dda0-9f2d-4654-93c9-7a0ae5419d16,4,Metrobank,"['Login/Authentication', 'App Stability', 'Performance']"
50b9909c-f7f0-4e94-a5ce-0b7af5212d6b,4,Metrobank,['Uncategorized']
51e01ea8-3d1f-42f8-946d-3451dff042d2,4,Metrobank,"['Login/Authentication', 'Performance']"
64d345a3-9df9-4d74-9f8a-3c63fee2bafa,4,Metrobank,"['App Stability']"
77ee1fdb-e9c6-4672-9e26-5b891aa364bf,4,Metrobank,"['Login/Authentication', 'App Stability']"
86b560f5-29b5-482b-ad81-f1b18e2b401a,4,Metrobank,['Login/Authentication']
8fb79e62-99fe-4c53-9dbb-052ffeb7cd1e,4,Metrobank,"['Login/Authentication', 'App Stability']"
95223a6d-f56d-41be-a9e0-be0d088a3723,4,Metrobank,"['Login/Authentication', 'App Stability']"
aa28d9d0-a6cd-4d01-af04-c499a00f998a,4,Metrobank,['Performance']
bed7d8e4-f18b-4a38-b9ba-53d475eb8f62,4,Metrobank,"['App Stability', 'Performance']"
ccc05aa3-82e3-4aa2-ac26-0b57ae4f0044,4,Metrobank,['Uncategorized']
d7e6adf5-c3be-49b0-bdfa-92a3d47c9416,4,Metrobank,['Uncategorized']
e12ae477-30b5-43a5-89a9-5a88303d9d6f,4,Metrobank,['Login/Authentication']
e5e64735-74f4-4123-b09a-727140a24ed1,4,Metrobank,"['App Stability']"
0171a227-4bd9-4cea-8a12-1c6924472529,3,Metrobank,['Performance']
228e528e-393c-4016-9d6a-24cfd7b0a7a7,3,Metrobank,['Uncategorized']
27109148-88e4-47f1-badd-a3a64d52b172,3,Metrobank,"['Login/Authentication', 'App Stability']"
2a91fa17-0be8-4076-8914-fb014b803bff,3,Metrobank,"['App Stability', 'Transaction Failures']"
2fdcc5ff-2018-4072-989d-cbb606d30cdd,3,Metrobank,['Performance']
36cb4734-5a87-4c3c-b613-1e310342b06c,3,Metrobank,['Uncategorized']
3beb1475-19c0-45bd-ba32-221b739e319a,3,Metrobank,"['App Stability', 'Performance']"
42f73817-7e0d-4875-b262-7ce096ef015a,3,Metrobank,['Performance']
462ec2ad-ba0b-4402-897a-fe4828ef6e25,3,Metrobank,['Login/Authentication']
68b0428c-a6fa-4958-868c-0d1d8f85e458,3,Metrobank,['Uncategorized']
9729edf3-7e57-4681-8262-94824484609d,3,Metrobank,['Login/Authentication']
9e3691b9-20b0-4dda-8a40-5d222bee9586,3,Metrobank,['Login/Authentication']
a089e726-f9fd-42f8-bdbc-2687616220ce,3,Metrobank,"['Login/Authentication', 'App Stability']"
afe05949-6ea3-48fe-9ba7-43ccc886916e,3,Metrobank,"['App Stability', 'Performance']"
b7cca693-53a9-499c-993b-2e31d51aa3d7,3,Metrobank,['Uncategorized']
bfdc26c5-396b-452f-9cba-9f32dbbaf8af,3,Metrobank,['Login/Authentication']
c181bf8d-3bec-4365-a1ac-ad13785f5546,3,Metrobank,"['Login/Authentication', 'App Stability']"
c3160c66-d0da-4433-b5b3-4f25ca001a35,3,Metrobank,"['App Stability']"
ede676fe-5cbe-4e84-aacc-8d5d13138763,3,Metrobank,"['Login/Authentication', 'Performance']"
fca93cdb-3d2b-4c8b-87da-5cb0a2be3b06,3,Metrobank,"['Login/Authentication', 'Performance']"
0157ad7c-9035-4ad0-bc80-a2763d93fcf4,2,Metrobank,"['Login/Authentication', 'App Stability']"
06876b9e-c3b4-403c-bd54-e004c5bcd256,2,Metrobank,"['App Stability']"
08f8ca56-121e-4b1e-8686-dff99032a440,2,Metrobank,"['App Stability']"
0c56c522-1abd-4ff9-a83b-8d1feb408860,2,Metrobank,"['Login/Authentication', 'App Stability']"
0c64127b-f5eb-4d5c-9f29-a9bcb0882c76,2,Metrobank,['Performance']
10d4489e-e7ee-436d-9864-e73ace14deb4,2,Metrobank,['Uncategorized']
19117206-2ff1-4cd3-bf14-2657e3853f36,2,Metrobank,['Performance']
1b28ccaf-1efc-49b8-9154-bab8cc53f477,2,Metrobank,['Login/Authentication']
29a51531-a3db-4ac0-858a-d7cf2032f887,2,Metrobank,"['Login/Authentication', 'App Stability']"
32976c9d-99e9-4f95-80b5-679f5370257b,2,Metrobank,"['Login/Authentication', 'Performance']"
3cfd0abe-f08d-46a8-88c7-d643fc393cf9,2,Metrobank,"['App Stability', 'Customer Service']"
3d44175d-c11b-4993-9329-0658357e1a59,2,Metrobank,"['App Stability', 'Performance']"
3d50eabb-043f-45d8-b549-04abc09db8c4,2,Metrobank,"['Login/Authentication', 'App Stability']"
3e668c34-2bfd-474c-8970-69fd781decf9,2,Metrobank,"['App Stability']"
4058d9cd-5896-4d1d-8b7d-c6e02d38935a,2,Metrobank,['Uncategorized']
4221a8c6-0a39-4e45-8c49-6ee9ab0ab4a3,2,Metrobank,"['App Stability']"
4233c376-10e5-4979-bab0-fa80a42b1441,2,Metrobank,"['Login/Authentication', 'App Stability']"
4bf9da00-c520-46da-82c8-6cdd5103f10c,2,Metrobank,"['App Stability']"
4f63c9a0-47be-4d84-ae03-977eb633334b,2,Metrobank,['Performance']
50617fbe-7158-446b-ac3b-bb92d47b218e,2,Metrobank,['Uncategorized']
51d66b4e-4fc4-41da-89dd-34359a46a4dc,2,Metrobank,"['Login/Authentication', 'App Stability']"
534f6a9a-0ba3-41df-a3de-358a9eca1bb7,2,Metrobank,['Uncategorized']
58e1dfa5-d1a1-4132-8247-76633bedd6e7,2,Metrobank,['Performance']
5ba88bb6-abcb-4f25-81a7-6e43346abe28,2,Metrobank,"['Login/Authentication', 'App Stability']"
647b941d-283f-4861-a226-96a281aa00dc,2,Metrobank,['Performance']
6c9f8e8d-f42b-4163-b82d-5e08223b0e50,2,Metrobank,"['App Stability', 'Performance']"
766778bd-5bb0-4d44-b6f4-c29c1fb2dc9b,2,Metrobank,"['Customer Service']"
7b5142d4-dc46-4eb2-b05f-0037b0e511f3,2,Metrobank,['Uncategorized']
7b946d04-e717-4175-8c3e-a81095d1628c,2,Metrobank,['Performance']
7bec89eb-4431-4395-af0f-4a40b437e042,2,Metrobank,['Uncategorized']
80d0bc68-e4a1-45ce-b393-446f74e826f8,2,Metrobank,"['App Stability']"
8197a0bc-a206-44fd-a92c-9405eb0fa570,2,Metrobank,['Uncategorized']
8d60a10d-a01d-41b9-b9aa-3fcff22be716,2,Metrobank,"['Login/Authentication', 'Performance']"
8ddb7505-6e46-4e81-91f8-efe65ba45f4e,2,Metrobank,"['Login/Authentication', 'App Stability']"
8f09d0cb-2926-4191-99b0-8cc6823e167d,2,Metrobank,"['Login/Authentication', 'App Stability']"
9980d556-be48-4cd9-a9c6-ca973e0430a3,2,Metrobank,['Login/Authentication']
9a404664-0447-408e-994d-7bcae9ff1ace,2,Metrobank,['Login/Authentication']
9e069056-731e-4390-a73b-4481fc835f5b,2,Metrobank,['Login/Authentication']
a788acc0-9137-47c4-a857-d6e9ffe2651f,2,Metrobank,"['App Stability', 'Transaction Failures']"
a967eb82-ce96-49c0-a257-7a9cc9c15f09,2,Metrobank,"['Login/Authentication', 'Performance']"
aa987c4d-f431-4b00-b851-f218ebf02ad4,2,Metrobank,"['Login/Authentication', 'App Stability']"
aba30901-269a-4639-92d0-be50b667db9f,2,Metrobank,"['App Stability', 'Performance']"
ad7ebbff-04d7-4c7b-9218-a28f4239b563,2,Metrobank,['Performance']
af373ce8-899d-49a1-aa1c-06d477306e65,2,Metrobank,['Uncategorized']
b112359d-9c4a-4d2e-b3e0-07585c1550e0,2,Metrobank,"['App Stability', 'Performance']"
b1ee7152-612a-4bfb-b815-b0c5ea05f8fd,2,Metrobank,"['App Stability', 'Performance']"
b31940d9-58b5-4e79-b279-0f8b52059d43,2,Metrobank,['Login/Authentication']
b4ff8cef-a5ae-4d28-bc45-c7f02bb57e0e,2,Metrobank,['Login/Authentication']
b5444bdc-4843-43c2-a9e7-6f0f70e6eb28,2,Metrobank,"['Login/Authentication', 'App Stability']"
c1a2efc1-0cc3-4105-ae46-3c55bf164d07,2,Metrobank,['Uncategorized']
c23936dd-2126-4e28-9cb5-f8858986434d,2,Metrobank,"['App Stability', 'Performance']"
c674f7a8-e7e4-43ee-a84d-ef8557d4bb10,2,Metrobank,['Uncategorized']
c9941a17-5db0-4d79-ac91-161d1026ecb2,2,Metrobank,['Uncategorized']
ca6da854-2b2b-4421-a66c-315bdc8a2c80,2,Metrobank,"['Login/Authentication', 'Performance']"
cc7395fb-54b3-4c3c-8112-f0963d44a70d,2,Metrobank,"['App Stability']"
cd6dcd80-830c-4e6d-8c1f-51857ddcb549,2,Metrobank,"['Login/Authentication', 'App Stability', 'Performance']"
d1851641-4674-4081-a07d-e7d66a5e888b,2,Metrobank,['Login/Authentication']
d27a787f-9082-4251-b192-d06a6ac5259d,2,Metrobank,['Uncategorized']
d956f975-5044-4748-86dd-5ac5e94152c3,2,Metrobank,['Performance']
e78beac0-594d-4146-9b15-d159fc652b55,2,Metrobank,['Login/Authentication']
e9e651de-4e9f-479c-aac5-d6914d74a899,2,Metrobank,"['Login/Authentication', 'Performance']"
ec1367b7-4d2a-46f4-a672-f8db4ef51cb4,2,Metrobank,"['Login/Authentication', 'App Stability']"
ef19fe7e-d974-4646-bb1a-efd67fc6d1e8,2,Metrobank,['Uncategorized']
f0c527a9-37ad-4c85-996b-99fa3bdaf0ef,2,Metrobank,['Performance']
012e6dec-0a4e-424c-a151-f27f6c1c474c,1,Metrobank,['Uncategorized']
01f425f4-4a6d-4f00-bc92-5f9a6c8e92e0,1,Metrobank,"['Login/Authentication', 'App Stability']"
027d1ba5-3950-471b-a9b2-0df1914bde16,1,Metrobank,"['Login/Authentication', 'Transaction Failures']"
02b6dcc9-765d-4407-ad5b-ec7cc11c0d08,1,Metrobank,['Performance']
04bd630c-4c40-4b1b-9c90-cc9c082cad92,1,Metrobank,['Performance']
05039d8f-6c97-4096-bb44-a3979577dc56,1,Metrobank,['Performance']
06342a59-5845-46f2-8b18-0de2b29f888f,1,Metrobank,"['App Stability']"
0656ee97-7d8a-44b0-a916-cd8562d02e9e,1,Metrobank,['Uncategorized']
06764550-ba09-4ad1-805a-0bf19d9587e4,1,Metrobank,['Performance']
076ddae9-52f1-4f20-9eca-90a70a3aca48,1,Metrobank,['Performance']
082077cd-5655-4a6d-92c2-435985a5babb,1,Metrobank,"['App Stability']"
0a189606-ad49-4bcc-81f3-be3ec52daa66,1,Metrobank,['Uncategorized']
0a5a1008-0c81-4fa4-8968-e7a4e6f8b3ca,1,Metrobank,['Performance']
0cb30c61-7451-445c-a6c5-77c932dec554,1,Metrobank,"['App Stability']"
0e9fcdc9-c414-4e00-930a-be93a34f1d8e,1,Metrobank,['Performance']
0f08bd31-48f4-4b85-b30e-d14165cd5aa3,1,Metrobank,"['App Stability', 'Performance']"
0f6ee60b-a74f-490b-9e35-521b8e5223ba,1,Metrobank,['Performance']
0f81b3da-f488-4ac9-9beb-986db036beec,1,Metrobank,"['App Stability']"
118bfecc-4e46-4815-a47c-b17e21eea678,1,Metrobank,['Uncategorized']
12a1a96e-a217-45ef-88fa-c67b3e48979d,1,Metrobank,['Uncategorized']
13150537-c983-4a87-aba0-cc2a9e93eef2,1,Metrobank,['Performance']
1341bb5d-6e99-47f9-99c0-a66f3fbe09a6,1,Metrobank,['Login/Authentication']
153b45cb-34a2-40aa-8d34-1eecc881eeae,1,Metrobank,['Uncategorized']
1549a808-2da4-4a0a-85bc-335374c97e8a,1,Metrobank,"['App Stability', 'Performance']"
16948fa8-25a2-4d03-a53d-6f6ee1d8ea1a,1,Metrobank,['Uncategorized']
1862c27f-af4a-43aa-a5d4-56b3d6a016de,1,Metrobank,['Performance']
19f962e2-1b6f-42f5-8519-23938997e59f,1,Metrobank,['Login/Authentication']
1a043445-2a53-4049-8bb7-7feade6bcfb4,1,Metrobank,"['Login/Authentication', 'App Stability', 'Transaction Failures']"
1a803ed5-22dd-432f-916b-a6e43959b087,1,Metrobank,['Uncategorized']
1c0eede0-3475-439e-824a-683bb9466fdd,1,Metrobank,['Login/Authentication']
1c52550c-1747-433e-a341-fe5129b70e6f,1,Metrobank,"['App Stability']"
1cb2b558-ec84-46f7-bdd8-619697a60a3d,1,Metrobank,"['App Stability']"
1e5b5e98-0864-4dd1-a3c8-10a0db63b4d0,1,Metrobank,['Uncategorized']
21cc7669-82ab-442e-b3a7-fd9e7f08e5b4,1,Metrobank,['Performance']
2213c9cd-30fd-48c7-b789-4df8f5aba28e,1,Metrobank,['Uncategorized']
268ff0ac-0511-4a5d-9852-bb7c6a82e07e,1,Metrobank,"['Login/Authentication', 'Performance']"
296917fb-483b-4cd2-b776-de5cd570afa7,1,Metrobank,['Login/Authentication']
29f378fb-dc63-4001-a40f-cf35bc00a1c2,1,Metrobank,['Uncategorized']
2b3f70d5-8e73-4034-9f49-ed731cb54648,1,Metrobank,['Uncategorized']
2b972c01-c357-42e6-aca1-ea19d2a83f85,1,Metrobank,"['Login/Authentication', 'Transaction Failures']"
2c5ab473-0616-4758-a627-2402001fae11,1,Metrobank,['Performance']
2c728d2c-a4e7-431e-b063-cd728dc05d6b,1,Metrobank,['Uncategorized']
2cabfd7a-c328-4aba-bde8-4e2e1d832a38,1,Metrobank,"['App Stability']"
2e75f598-880e-4df5-9f7c-8972543b610d,1,Metrobank,"['Login/Authentication', 'Performance']"
2fe82c96-5623-4073-a860-42576ef517e4,1,Metrobank,['Uncategorized']
3172ead4-908b-4ca0-afae-c52798b82e64,1,Metrobank,['Performance']
329f670a-2ff4-4da5-8546-8d4323b8c28e,1,Metrobank,"['Login/Authentication', 'App Stability', 'Transaction Failures']"
33e534f0-b576-467c-bf93-6bc3f6a4f3c3,1,Metrobank,"['App Stability']"
344a20d9-9f32-458a-b34b-7a36db2ab313,1,Metrobank,"['App Stability']"
355c91c4-5f08-436b-8f50-c81bdabbd253,1,Metrobank,"['Transaction Failures']"
3596e965-7466-4291-80fb-08b4799b0b48,1,Metrobank,"['App Stability']"
361474a4-3dac-4fc5-8f6d-29f3bd405b5b,1,Metrobank,['Login/Authentication']
373c3c9f-54f5-49e5-9e55-d7c74715d55a,1,Metrobank,['Uncategorized']
38125e3c-f190-4cef-85b0-841c05363f3c,1,Metrobank,['Uncategorized']
3825850a-b3f4-4fe5-b8d0-2d2cb79a36b2,1,Metrobank,"['App Stability']"
39b39f68-c22e-4228-9e9a-46d642f2c385,1,Metrobank,['Uncategorized']
3a635125-91bf-4ffd-b022-cf9d9069dd73,1,Metrobank,"['Login/Authentication', 'App Stability', 'Performance']"
3b2550e2-eeb9-4de1-8661-7348bac74b32,1,Metrobank,['Performance']
3c787ba3-357d-4479-bc1b-7348b759a650,1,Metrobank,['Uncategorized']
3cd986c8-f7bc-4816-b30a-c3b752697ddc,1,Metrobank,['Uncategorized']
3daa0bac-0c33-4ea1-b363-03b5840320bc,1,Metrobank,['Uncategorized']
3ebead64-6600-4d1b-9d87-640fbedcead0,1,Metrobank,['Uncategorized']
3eed8f99-3237-4b95-971d-e39f89487720,1,Metrobank,['Uncategorized']
3faf6d68-bec0-4768-8074-043fbd8dd793,1,Metrobank,['Uncategorized']
40ab52d3-3a66-4c63-89ce-f4f91e45b6bd,1,Metrobank,"['App Stability']"
4118d8ab-7fe2-43ae-aade-e33850846914,1,Metrobank,['Uncategorized']
41291d19-c511-4316-b5c9-104cc40b3e80,1,Metrobank,['Uncategorized']
41b8f864-531b-4e1b-bdeb-3cf21fe363a2,1,Metrobank,"['App Stability']"
42fdca0a-dc91-4f8d-b257-0a8fd862f9cd,1,Metrobank,['Uncategorized']
430f65c2-3271-4df0-8b6a-01f0075b2651,1,Metrobank,['Login/Authentication']
44be71fd-83c9-428f-b090-91ad591eb628,1,Metrobank,['Uncategorized']
45e2e6a6-6663-4a70-9a36-62a32179416b,1,Metrobank,"['Login/Authentication', 'Performance']"
4611fc23-c466-4552-a807-9f154d6276d2,1,Metrobank,['Uncategorized']
47e7db7f-4f75-496b-b290-2a3ac8943837,1,Metrobank,"['Transaction Failures']"
47f448a9-66ff-475a-87f0-f11a931bfec2,1,Metrobank,['Login/Authentication']
492004e3-96dd-4cd3-bf9c-6cbe70544d9b,1,Metrobank,"['Transaction Failures']"
4998462e-8272-4ae7-af57-ce20cdaf62c5,1,Metrobank,['Uncategorized']
4a9992b2-81fb-4795-81ba-665de50f2cee,1,Metrobank,['Uncategorized']
4d950a65-2f9a-4a1a-b1c3-2017bbfacd88,1,Metrobank,['Performance']
4dbb1252-2fbd-45c9-9f24-46b84fc281be,1,Metrobank,['Uncategorized']
4f58ec65-aa4c-46fd-b40f-af49bc5f75b3,1,Metrobank,"['App Stability']"
4fc7869e-6771-4f2f-95f2-851777a76bb9,1,Metrobank,"['App Stability']"
501e8e09-e456-4503-852f-e3fbd4c10882,1,Metrobank,"['Login/Authentication', 'App Stability']"
5143eb77-071e-402a-8eec-aee054f0496c,1,Metrobank,"['App Stability', 'Performance']"
51763e87-8acd-4e37-b084-3be0b4ef5714,1,Metrobank,"['App Stability']"
521f0b2f-8d7f-4b1f-9b81-c8c504625cf1,1,Metrobank,"['App Stability']"
5252845e-3652-4bfb-9172-7dbb7c2e2609,1,Metrobank,['Login/Authentication']
549bf34d-de05-4bf6-b51c-07c6d721f6aa,1,Metrobank,"['App Stability', 'Performance']"
5505a225-0549-4309-8ed3-110b1f14e549,1,Metrobank,"['App Stability']"
55782043-5b82-4ef6-ac56-524035d3951f,1,Metrobank,['Login/Authentication']
5689ef0b-173b-4825-a397-922c1b998b59,1,Metrobank,"['App Stability']"
56f0cfc0-0ce2-4b00-bd46-bf7e04eee7ef,1,Metrobank,['Uncategorized']
59159add-b235-441f-98bc-a28e8e304849,1,Metrobank,['Performance']
5aa90453-b03a-41b4-9c63-2786c08cb59d,1,Metrobank,['Login/Authentication']
5af729b6-185f-4f10-9839-564d32f45cd4,1,Metrobank,['Uncategorized']
5c3c8fd8-167e-45c1-93f2-09cbde80fe6f,1,Metrobank,"['Login/Authentication', 'App Stability', 'Performance']"
5c974e21-1838-4061-8c90-3105edaf3762,1,Metrobank,"['App Stability']"
5d67e70d-97e7-4f06-a238-174fb010a41c,1,Metrobank,['Uncategorized']
5ea279ed-d0c0-4617-8421-028fa40b2a64,1,Metrobank,['Uncategorized']
5ecc8131-dbb4-418e-90f2-5ef301b8a716,1,Metrobank,['Performance']
600c132f-dbfd-4b96-b9dc-81f61339643b,1,Metrobank,['Performance']
61f85f73-4402-4566-b07a-6d87d5892927,1,Metrobank,['Performance']
62b447e0-4e87-4a72-b2be-d6956ce50df7,1,Metrobank,['Uncategorized']
636fc086-894d-44c3-ae47-5091ed7c4616,1,Metrobank,['Uncategorized']
64d35799-8b89-4fb4-8b51-84504dd7d3b8,1,Metrobank,['Uncategorized']
6515498a-3ac6-4052-8873-d01b95628267,1,Metrobank,['Uncategorized']
65b2c201-13ae-42f4-8c63-42de077b55b4,1,Metrobank,['Performance']
666fd11c-7de7-4fbc-84e9-b1197f19d94d,1,Metrobank,['Performance']
667ad1f5-a990-49d6-b083-fcbaf5b30581,1,Metrobank,['Login/Authentication']
675e8f8f-85da-4bb9-8c46-17165976c944,1,Metrobank,"['App Stability']"
6a04a7f7-5385-4aab-93dd-2b2933fb1578,1,Metrobank,['Uncategorized']
6aa4403f-2505-4691-8303-9b7bb82df711,1,Metrobank,['Performance']
6b2b55d4-fe31-4769-bf37-7e7f717c6449,1,Metrobank,['Login/Authentication']
6f6c3576-fb89-465e-b07e-f3ee0ffec0a7,1,Metrobank,['Uncategorized']
6fee36dd-46fc-4ce3-95af-c92e0207795c,1,Metrobank,"['Login/Authentication', 'App Stability']"
7198b8d8-6e9e-4edd-9b5d-199735b764e8,1,Metrobank,"['App Stability', 'Performance']"
727aa816-1fd4-4764-b358-1f8053eb6a1e,1,Metrobank,"['App Stability', 'Performance']"
7314e755-80f2-4427-b41d-294b203a32a2,1,Metrobank,['Performance']
735ef6ec-5ede-4cfc-8ce1-64820481fe32,1,Metrobank,['Uncategorized']
73b6d301-596d-49f3-9d3f-74c55e93d682,1,Metrobank,"['App Stability', 'Performance']"
7444e1c4-0ae8-4913-8c1d-ef6c0222ba08,1,Metrobank,['Uncategorized']
74d19aa4-ef06-4311-9965-2c0a1e7a9ea5,1,Metrobank,['Performance']
792a7b46-1072-400d-9dde-296c720cce21,1,Metrobank,['Uncategorized']
7c333123-c448-4925-84ce-03e9056ff43a,1,Metrobank,['Performance']
7d2d186c-19c9-4ae4-9acd-85bc0bb8c881,1,Metrobank,['Performance']
7d38e05d-72a0-4ea1-a2d7-f078a0cc6b9c,1,Metrobank,['Uncategorized']
7e012194-c55a-4b64-84c6-269ee01a8853,1,Metrobank,['Uncategorized']
7e9dec80-0500-46aa-82e2-77bc8b573e83,1,Metrobank,['Performance']
7f0227bf-d3c6-4f73-9707-388b6bf0e90f,1,Metrobank,['Performance']
7ffd12f7-e937-4820-94b4-b02b861fceee,1,Metrobank,['Performance']
8057c91e-3ec8-48a0-8e74-ca7819f5c26a,1,Metrobank,"['App Stability']"
814ae462-1b8f-481f-807a-7c83f9cbc282,1,Metrobank,['Login/Authentication']
829e28cc-5f38-480c-a49a-5769e4691774,1,Metrobank,"['App Stability', 'Performance']"
82c1c8d7-ecea-4d9a-86d6-6aeeb51cf30a,1,Metrobank,['Performance']
85b7fbaa-33d9-4b9c-806f-e94ef33ad1b8,1,Metrobank,['Uncategorized']
8679d74b-0370-4da1-8b22-5960f9c68955,1,Metrobank,['Uncategorized']
87602496-d18b-4609-aa52-8d0550d822ae,1,Metrobank,['Performance']
89b3c743-bf91-4002-9aa5-ac9422948c1d,1,Metrobank,['Performance']
89c6ac61-4833-4144-984f-f640af1ab0a1,1,Metrobank,['Performance']
8a0262f2-eb13-42aa-b329-c30a2c1c2306,1,Metrobank,['Uncategorized']
8ab9a05d-cc20-459e-85d9-3ee4140bff22,1,Metrobank,"['App Stability']"
8aba7d37-661f-4732-b189-35307f7aab1d,1,Metrobank,['Uncategorized']
8b36af84-3f1a-408e-abd3-a8229856ae67,1,Metrobank,"['App Stability']"
8b52557b-85b6-4c9a-a00a-8643a5b9f2cb,1,Metrobank,"['App Stability']"
8dcec435-3c84-477e-96e9-b1683cfb2519,1,Metrobank,"['Login/Authentication', 'App Stability']"
8e39ffcd-6fad-4583-bf65-2f8ec688f826,1,Metrobank,"['App Stability', 'Performance']"
8e985ca0-7c19-47a5-bd0f-6966319e573b,1,Metrobank,['Uncategorized']
8eeb8a24-aaf6-4297-93ea-879f5a058f26,1,Metrobank,['Uncategorized']
8f97d8e2-038a-43da-b157-e53f18940403,1,Metrobank,"['App Stability']"
9130e72b-271b-408e-89e6-d5a053976f6d,1,Metrobank,['Uncategorized']
918d1661-510c-4975-bf75-9831ad22fc20,1,Metrobank,['Performance']
91f21b65-b8c8-491b-b988-6b070a74ee2f,1,Metrobank,['Performance']
922b6bf5-55f7-4124-9798-0f1261408791,1,Metrobank,"['Login/Authentication', 'App Stability']"
923d0d33-2db1-48ce-9736-2c559419421d,1,Metrobank,['Performance']
926d73d9-4c55-4d9f-96b4-0d916f36108b,1,Metrobank,['Performance']
92dda507-bce1-4934-a193-8a67b311ba4c,1,Metrobank,['Uncategorized']
9412f027-edff-4c5d-aae3-8268d84ee01d,1,Metrobank,"['Login/Authentication', 'App Stability']"
97a74fc4-2597-45e4-96ba-f03f173c2811,1,Metrobank,"['App Stability']"
99bdaba2-f46f-4ae3-be0d-0a7cc10f424b,1,Metrobank,['Uncategorized']
9a57d5dc-db17-4487-9d80-350895ce61f4,1,Metrobank,"['Performance', 'Transaction Failures']"
9ab63645-5b07-40a3-bce9-542f9577f177,1,Metrobank,['Login/Authentication']
9aeb0d81-8ad5-4cf4-b1d5-c6123a6fb8c1,1,Metrobank,['Uncategorized']
9be85c4d-1c57-47e9-b6e1-6b9e09b88783,1,Metrobank,"['Login/Authentication', 'App Stability']"
9d33d0c4-f076-46d7-942b-f907d07c7430,1,Metrobank,['Uncategorized']
9d4f49af-a068-4349-a84a-814591c6ba43,1,Metrobank,"['App Stability', 'Performance']"
9e7dd427-b0ff-41cf-b0bc-7005636864b8,1,Metrobank,['Performance']
9ecdb673-1792-4dae-bb5f-8d2c816f2768,1,Metrobank,['Login/Authentication']
9fc08a78-8953-4a7d-a02b-dd58c41ada06,1,Metrobank,['Uncategorized']
a013814c-11f7-4ee0-a331-10a194982eac,1,Metrobank,['Uncategorized']
a057d99e-ea63-4314-a99b-7cca84bab6cd,1,Metrobank,"['App Stability', 'Performance']"
a10b2008-b329-4161-8a36-cae973c36ce3,1,Metrobank,"['App Stability']"
a265aec0-9e2e-45b5-9063-1baa910766b9,1,Metrobank,['Performance']
a30306a5-9c49-43ee-92dd-c3ec55cefab1,1,Metrobank,['Login/Authentication']
a40ab1cc-e9b1-44ae-9162-d0e2e64d746d,1,Metrobank,['Performance']
a56d2456-dd24-4992-adc1-730789c4b231,1,Metrobank,"['Customer Service']"
a9a09680-6785-4cfd-8631-9a9b3882a274,1,Metrobank,['Uncategorized']
aafc3399-c563-4bba-978a-e45e90e20373,1,Metrobank,['Performance']
ab5e98b4-7600-40fb-b2bf-a5dc72038cb4,1,Metrobank,['Uncategorized']
abcd48b1-c016-4f8b-b0ec-6d5f72e54f48,1,Metrobank,['Uncategorized']
ac642e59-7789-4c79-9f4c-8fdb54019e71,1,Metrobank,['Uncategorized']
ace776aa-b861-4f92-b42b-7af2ca906ef2,1,Metrobank,['Performance']
ad15d09e-a29f-4909-9e59-1410acbfbb3e,1,Metrobank,['Uncategorized']
adb18a34-520f-4eb4-a59a-2d2d63949f30,1,Metrobank,['Uncategorized']
aecfff48-dfa0-48ac-8d01-4389d080234a,1,Metrobank,['Login/Authentication']
af09d801-02eb-4ba1-8519-0afa750ae018,1,Metrobank,"['Login/Authentication', 'App Stability', 'Transaction Failures', 'Customer Service']"
b124c798-a1ae-4a22-b341-4c57fd2b8007,1,Metrobank,['Uncategorized']
b1f791cf-d6ba-4427-a1a1-507b08985f7c,1,Metrobank,"['App Stability', 'Performance']"
b1f9c89a-08d5-41ba-97fb-8886b20f9516,1,Metrobank,['Uncategorized']
b49ca9e1-d4f4-448a-9792-23d5f94993d3,1,Metrobank,"['App Stability']"
b4d55e9e-1da2-4e7f-a4dd-e237fbf2ea41,1,Metrobank,"['App Stability']"
b550dfe9-39cb-47d8-860b-6895759d3056,1,Metrobank,"['App Stability']"
b5f69d87-fe9c-4e65-bc2f-3983e25d046a,1,Metrobank,['Uncategorized']
b7ae1e7e-67ca-4cac-b17c-fbc255f5e1da,1,Metrobank,"['Login/Authentication', 'App Stability']"
b7d16475-a50f-49b2-b5ae-cb615c2223ee,1,Metrobank,"['App Stability', 'Performance']"
b7f42c75-f26a-49d7-84f4-1d1f2fb1b637,1,Metrobank,['Uncategorized']
b9c2a3ee-c098-4e9a-af11-b27f02b1f576,1,Metrobank,['Uncategorized']
ba6dd0e6-9a11-4439-9590-e731f36cc9cf,1,Metrobank,"['App Stability']"
bb21ee65-6b3d-4a3e-ac36-628da2b38c7c,1,Metrobank,"['Performance', 'Transaction Failures']"
bc762e30-177c-4ca5-b514-84a6ad7ecf49,1,Metrobank,"['Login/Authentication', 'App Stability', 'Performance']"
bfa9c2cb-b2c6-4c07-88ce-7a62a8ae3269,1,Metrobank,['Uncategorized']
bfc48891-37e7-4df0-bb6b-12501eeb385b,1,Metrobank,['Uncategorized']
c1492a21-63dc-44c7-9c83-7a6f24c07fac,1,Metrobank,['Uncategorized']
c2d0d9f6-27f8-4d67-a35a-be56d71d81d1,1,Metrobank,['Uncategorized']
c3a61ae9-c4c9-40d8-8fbd-a5460e360345,1,Metrobank,"['App Stability', 'Performance']"
c4d11580-dba5-4672-817b-d4f698a7fafc,1,Metrobank,"['App Stability', 'Performance']"
c5326962-867e-4948-ba7f-e0e6c9ef105e,1,Metrobank,"['Transaction Failures']"
c55e2bea-caff-4e21-8e6c-04757940227a,1,Metrobank,['Performance']
c81b8351-ac45-422b-9697-5937e49bacd9,1,Metrobank,['Login/Authentication']
c8858540-8153-40bb-98af-7c5bcd840c44,1,Metrobank,['Login/Authentication']
c8b2bbfe-040f-41ef-97c3-2a520c4263b4,1,Metrobank,['Performance']
c971d7da-5094-417a-81b4-350a65ad1727,1,Metrobank,['Uncategorized']
c9a61284-8d95-4fa6-bce0-044561e0032f,1,Metrobank,['Uncategorized']
ca16983f-5bfa-4d0d-b990-df42829860bf,1,Metrobank,"['Login/Authentication', 'Performance']"
cad7bfa7-3bf6-4a5e-ac6c-3515e943a770,1,Metrobank,"['App Stability', 'Performance']"
cc90f81d-9e2f-49b6-bbe4-bc571f8b0ed6,1,Metrobank,['Performance']
ccb5c898-5580-4262-b09b-b80f7768b342,1,Metrobank,['Login/Authentication']
cd9496a9-9900-49d4-a82d-16a47ab8ab68,1,Metrobank,['Uncategorized']
ce269851-7f31-4b2e-b744-9bd11ebe7e6a,1,Metrobank,['Uncategorized']
ce494a0a-6d5b-4d8a-951d-b501b4255777,1,Metrobank,['Uncategorized']
d0d2fe27-c609-4519-b625-c1b5457e3552,1,Metrobank,['Uncategorized']
d0f348e5-4b09-4c8c-9fd4-bd0a30259d1f,1,Metrobank,['Uncategorized']
d13bf843-b200-4c29-9b95-c80f4dadcbf0,1,Metrobank,['Uncategorized']
d26f6e70-b1f4-4326-95cd-da354c83e837,1,Metrobank,['Uncategorized']
d28c1567-14ad-4031-8103-c51f64e19af6,1,Metrobank,['Uncategorized']
d31b0ad9-07ef-4a39-a7af-b1299f4b540e,1,Metrobank,"['Login/Authentication', 'Performance']"
d4f474d2-4859-418b-bc86-0b926045fa97,1,Metrobank,"['Login/Authentication', 'Performance']"
d59aad0c-ac66-4e71-b01d-1463a4f5cade,1,Metrobank,['Uncategorized']
d5a5b7ec-2ed3-463e-aba3-cad9dbef3990,1,Metrobank,['Uncategorized']
d5aad245-546d-447c-b0e7-1e2580a6532f,1,Metrobank,['Uncategorized']
d8a547a0-2330-4c90-aa7c-a75a1ab9f610,1,Metrobank,['Performance']
d9a9306b-ec98-43b6-8c6d-59d61b6058df,1,Metrobank,['Performance']
dd838240-4e5a-41bb-9193-08bcfa170280,1,Metrobank,"['App Stability']"
de184864-1126-4e70-ac87-5db8eb3265ff,1,Metrobank,['Uncategorized']
df645e55-577b-4c23-a0e9-cebf57d037d3,1,Metrobank,"['App Stability']"
df877510-8003-491f-9f6c-02db923d36ce,1,Metrobank,['Uncategorized']
e0b202a9-75ad-4030-b687-4f6edea98718,1,Metrobank,['Uncategorized']
e143e949-1abc-4396-a531-6f74c4881d62,1,Metrobank,"['Customer Service']"
e1892ee3-8eba-4797-8d07-362c4630f049,1,Metrobank,"['Login/Authentication', 'App Stability']"
e1d58aec-55d2-451b-bbfd-1997a8c52a34,1,Metrobank,"['Login/Authentication', 'Performance']"
e280d644-3a6f-409d-84c1-aa20ac98570e,1,Metrobank,['Login/Authentication']
e3f59d15-5821-4533-8b7c-3bd6fbcd7d1f,1,Metrobank,"['App Stability', 'Performance']"
e46614c2-53e7-4586-9163-cedff75f9325,1,Metrobank,['Uncategorized']
e4b700e2-2ec0-4111-b351-4abc5e22da4d,1,Metrobank,"['App Stability']"
e52228f2-a379-4508-abb5-57561f98c306,1,Metrobank,['Performance']
e7466627-9862-4a6b-880e-5512e9d60f58,1,Metrobank,['Performance']
e74cbc0d-b618-464d-9a18-4144f8f06a4b,1,Metrobank,['Uncategorized']
e7ca94ba-ed9f-4bb4-8dd2-4ef2c8fda30b,1,Metrobank,"['App Stability']"
e893dbcb-123e-4172-88f7-849be505a788,1,Metrobank,"['Login/Authentication', 'App Stability']"
e89556da-fe96-42eb-8743-bb5ac2ecc759,1,Metrobank,['Performance']
e8d5fbc3-94a6-4750-857e-0c4b44c831b2,1,Metrobank,['Performance']
ea1237ad-f47b-4551-aa7d-1fa6fa394232,1,Metrobank,"['Login/Authentication', 'Performance']"
ebe36f0f-0a17-41bf-b1d7-b1a9d2b79cbc,1,Metrobank,"['App Stability', 'Performance']"
ec161162-74e1-4847-bf7e-a881e20af48a,1,Metrobank,"['App Stability']"
ec395abc-256a-4752-b700-342f4ba1aa69,1,Metrobank,"['Transaction Failures']"
ed287213-32b1-4030-9484-d611f3fe4a71,1,Metrobank,['Performance']
ee61ffa0-c261-4b58-95e3-21b11feca392,1,Metrobank,"['App Stability', 'Performance']"
ef068805-fb56-43ad-b74e-f08237ea555f,1,Metrobank,['Uncategorized']
ef687b16-1a5c-4d33-9837-9ef3f489a487,1,Metrobank,"['Login/Authentication', 'App Stability']"
f0a3b642-1697-41e1-b05e-e1a9c82a2dcc,1,Metrobank,['Login/Authentication']
f0a4bf54-84a8-4ae5-bf24-2457090c10e2,1,Metrobank,['Login/Authentication']
f0d6387c-6b5b-48d3-9a2d-0f57607d3f61,1,Metrobank,['Uncategorized']
f22f004f-af4c-42ab-8e19-3792f3f53987,1,Metrobank,['Uncategorized']
f2fcadea-16ed-4a1e-b379-704cc001053c,1,Metrobank,['Uncategorized']
f67593b5-dd7f-4942-b104-e878dcb3f079,1,Metrobank,['Uncategorized']
f7227456-384d-4310-a2aa-905eb29388bb,1,Metrobank,['Uncategorized']
f74aff08-9526-4ecf-bea0-575c4809ad21,1,Metrobank,['Uncategorized']
f7b6c537-1dd8-48d5-89c4-251cab3a1be2,1,Metrobank,['Uncategorized']
f7d1918d-b603-4190-bcec-35c8027cbad6,1,Metrobank,['Uncategorized']
f8ad57c9-7194-4f26-bbed-28f136d5b587,1,Metrobank,"['App Stability', 'Performance']"
f98f43e2-0c96-4bfc-a3f9-b28a9eac82c2,1,Metrobank,['Uncategorized']
fa5966e7-701a-48ed-9e98-387764fcc6e7,1,Metrobank,['Uncategorized']
fd04e5eb-9a1b-44b9-b813-94c971e6456c,1,Metrobank,['Performance']
fd53fd14-898b-41eb-be23-f08fa1288b34,1,Metrobank,"['App Stability']"
fd958905-810b-40b5-9597-2b3eed97bcef,1,Metrobank,"['App Stability']"
fde9e046-6069-4859-b729-92ce3c0b531b,1,Metrobank,['Uncategorized']
ff6cd179-6d2f-4192-8b7b-3a337bfcf179,1,Metrobank,['Performance']
ff981959-dd0c-441d-8c7f-0705347b7e6a,1,Metrobank,['Performance']
0006b2c0-a67e-4266-84fc-80c0221754f2,0,Metrobank,"['App Stability']"
00266083-3bbc-49c6-9b5c-763b21e52747,0,Metrobank,['Uncategorized']
003a805f-cc80-40ec-9c55-349faf6096f1,0,Metrobank,"['Login/Authentication', 'App Stability']"
005e8201-b563-4957-8603-7126dbaf8ef0,0,Metrobank,"['Login/Authentication', 'Performance']"
0079fe54-1187-4a91-ad55-11e70bec68e1,0,Metrobank,['Login/Authentication']
009f5d39-0a21-47c2-9ea5-8124e338b7ad,0,Metrobank,['Performance']
00a8ce50-9301-4711-a2df-aef96ddbb6cd,0,Metrobank,['Performance']
00b62b9c-72ac-4349-bfb5-55044545a0fd,0,Metrobank,"['App Stability']"
00c3851d-7ab1-43cf-98e4-9c4771aba320,0,Metrobank,['Performance']
00ea5306-3d22-4a4c-aad0-7427ca263ff4,0,Metrobank,['Uncategorized']
0108c626-7c29-4b27-a6ee-80f82b37d83f,0,Metrobank,['Uncategorized']
0109f14e-e7ad-4cdf-8259-54a2bf28598e,0,Metrobank,"['Transaction Failures']"
012e8e44-486d-448b-994f-1657574ba9ca,0,Metrobank,['Uncategorized']
014bf646-5ed7-4c27-9605-6b66e4ff41af,0,Metrobank,['Uncategorized']
01735597-5b8e-4489-a4da-2968581c3fca,0,Metrobank,['Uncategorized']
018babf0-61c7-4a88-8d0c-49034ab9f4ce,0,Metrobank,['Uncategorized']
018cc9c4-959a-491f-a411-b0986d587792,0,Metrobank,['Uncategorized']
019fdf17-6049-4f72-810c-55a2aa93bc46,0,Metrobank,['Uncategorized']
01c21ab3-b5a9-49a5-be97-248aa47a717d,0,Metrobank,['Uncategorized']
01e15fec-e1db-4d67-a613-97ed264ccfc4,0,Metrobank,['Uncategorized']
01ebad62-2626-4056-8d18-edea06c112c8,0,Metrobank,['Uncategorized']
020f2ba8-21e0-4ed9-adba-6183b7079350,0,Metrobank,['Login/Authentication']
02268d22-279e-4244-8fd1-1a0c86c66c0f,0,Metrobank,['Uncategorized']
023e9246-870c-4f69-9682-1c8cb1e3d102,0,Metrobank,['Performance']
025c274f-7211-49c5-ad8f-172f7f7a1a80,0,Metrobank,['Uncategorized']
026b4d88-a1de-45bd-ba7a-a5d796140ccd,0,Metrobank,['Uncategorized']
026d18e4-9acf-44ef-9c22-8720be9e1128,0,Metrobank,"['App Stability', 'Performance']"
028763f5-eaaf-4c15-97c7-db5f0f5ed350,0,Metrobank,['Uncategorized']
02b00eeb-9fc0-4dc3-8f3c-44c3c2c82abc,0,Metrobank,['Uncategorized']
02cb8596-1593-4fdd-b127-32a127ccf96b,0,Metrobank,['Uncategorized']
031ca095-aef8-445f-bd8b-d0bec9f43c16,0,Metrobank,['Uncategorized']
032c565b-2e43-43fd-9858-756206f83f0a,0,Metrobank,['Uncategorized']
033ee7e9-ef4c-4174-afbb-b9e04efbc81e,0,Metrobank,"['Login/Authentication', 'App Stability']"
036e37c9-871b-44ba-877e-191df848625a,0,Metrobank,['Performance']
037d5caf-aed0-479c-b28a-e275a6668916,0,Metrobank,['Uncategorized']
037ea8a4-c8ed-483e-87b8-db69e0d51476,0,Metrobank,"['App Stability']"
03b9c99c-4bb6-4cac-b78c-b1b1eefabeee,0,Metrobank,['Uncategorized']
03c16f4e-eadb-41b2-847c-2d823e9f69b6,0,Metrobank,"['Login/Authentication', 'Performance']"
03d57aeb-788e-4559-a166-bfa9d40e0c84,0,Metrobank,['Uncategorized']
03d716bb-7ceb-487a-9230-f390d860e4e1,0,Metrobank,['Uncategorized']
03df2651-4f95-4960-9d60-b9302f9b30ac,0,Metrobank,['Uncategorized']
03e5859d-2c50-44ca-8a63-aab966d108c8,0,Metrobank,['Uncategorized']
041b29da-bc43-4f2b-9e3a-df99272dc98e,0,Metrobank,"['App Stability']"
04397dbd-626c-4f6c-a3b6-2ad0f4fcf19b,0,Metrobank,"['App Stability']"
044117a1-1e0c-433f-b18c-fbfb71ebc023,0,Metrobank,['Login/Authentication']
0448f9ed-218b-4ea7-8c57-ba91f4dff136,0,Metrobank,['Performance']
0456d5b0-5c83-4717-a921-fcb673d9d5b2,0,Metrobank,"['App Stability']"
04654da8-9ce9-49b1-a02d-6ca6e877b103,0,Metrobank,['Uncategorized']
04c3c47e-636b-452b-9b76-3e111ba51e8e,0,Metrobank,['Performance']
04d0fc63-26e8-44fb-a202-da60eee4d733,0,Metrobank,['Uncategorized']
04d528d0-2026-4f66-9adb-5382dcb5fe23,0,Metrobank,['Uncategorized']
04e7f766-d2bd-435e-b350-777291021711,0,Metrobank,['Performance']
04ead421-3f25-49d1-aa46-4abf49c33974,0,Metrobank,['Uncategorized']
05019345-787a-40c0-ae20-ffaf272990fa,0,Metrobank,['Uncategorized']
053f4464-1fb0-4d70-9646-a6604ac8e5de,0,Metrobank,['Uncategorized']
056760a7-4940-492d-8849-7b4c0198054f,0,Metrobank,['Uncategorized']
058917b1-5759-4a2e-9967-825dba41fcdf,0,Metrobank,['Performance']
058ebd93-c0b2-4795-813e-38ee50d9e4c2,0,Metrobank,['Performance']
05a05f43-7163-47f7-93c5-c1c67b85a537,0,Metrobank,['Uncategorized']
05a9df56-01a6-4206-bc5d-5044d9c1098e,0,Metrobank,"['App Stability', 'Performance']"
05af5fe5-5b4b-428a-ac28-40b2a87db98a,0,Metrobank,['Performance']
05fa4aaa-b9c6-4d0e-8713-bfbeaf7e1084,0,Metrobank,['Uncategorized']
060f1a5f-1461-4a7e-8b3a-9bc4c8f7a516,0,Metrobank,['Uncategorized']
0610b3c1-f970-49b0-ad47-2602f8629059,0,Metrobank,"['Login/Authentication', 'App Stability']"
063b04af-ec34-4594-817e-3ba4c0ec1b53,0,Metrobank,['Uncategorized']
06881c1e-0160-42d5-a441-13f40a689e8a,0,Metrobank,"['Login/Authentication', 'App Stability']"
06bdf2f0-2229-4a7e-af49-d433a28a58a5,0,Metrobank,['Uncategorized']
06c1aa32-1db1-40ca-aa30-25da04b3c4a2,0,Metrobank,"['App Stability', 'Performance']"
0704bced-829a-4e08-ba78-bfcabc834411,0,Metrobank,['Uncategorized']
07203dd2-4410-4318-af5e-092206a2e66c,0,Metrobank,['Uncategorized']
073c5043-b90e-48bb-8732-5695a30a014f,0,Metrobank,['Login/Authentication']
076d1a69-4d96-4330-abf8-e9c6fe221ee7,0,Metrobank,['Uncategorized']
0795ae85-c52e-4b14-b8e8-15ba30f0e2fb,0,Metrobank,"['App Stability']"
07e12bd4-83d5-4d2d-8230-71334f609ace,0,Metrobank,"['App Stability']"
07e445b1-e433-4afb-a962-a34d1c11c2b8,0,Metrobank,['Uncategorized']
0842f080-54e4-4db4-845c-e3f14cddd743,0,Metrobank,['Uncategorized']
0843458a-fcd1-4513-8b87-a03f1819b58b,0,Metrobank,['Uncategorized']
0882f75e-9195-462e-9c1f-fe72a0aa98f5,0,Metrobank,['Uncategorized']
08830774-368f-4881-9d99-865e055d8441,0,Metrobank,['Uncategorized']
088f1f6e-ba48-44e3-9d67-6ae12b06cf42,0,Metrobank,['Performance']
08c56a8d-b5de-441b-bd58-f4b34e6f9461,0,Metrobank,"['App Stability']"
08cafe62-16a3-40c2-b479-dcec039defba,0,Metrobank,['Uncategorized']
091253c0-c3a0-4cf9-ae16-2487626578b2,0,Metrobank,"['Login/Authentication', 'App Stability']"
0933c63d-e38d-4684-a9b8-87f8139c7d50,0,Metrobank,['Performance']
095f9c0c-0986-4332-b127-0f6344d27edd,0,Metrobank,['Uncategorized']
0977d889-45e5-4141-a383-633b5761aeec,0,Metrobank,['Uncategorized']
09964c2d-eceb-406a-8576-04ea31a19d69,0,Metrobank,['Uncategorized']
09976a33-96c9-4879-b677-ff0031edd935,0,Metrobank,"['App Stability']"
09a28692-e9c8-411f-803b-8ac910e04ad3,0,Metrobank,['Uncategorized']
09e9a045-7a96-420a-805b-92cdda02e6dc,0,Metrobank,"['App Stability']"
09f020b0-e42c-4703-aea1-29e3286a0e57,0,Metrobank,['Login/Authentication']
0a05043c-23d0-4d94-916f-291ef1b2b8f4,0,Metrobank,['Performance']
0a055a55-2af0-4299-8882-126c38d6df3c,0,Metrobank,['Uncategorized']
0a149f51-f11e-476d-861b-f3a44e04b079,0,Metrobank,['Uncategorized']
0a250742-5694-46a5-a6f8-4d6792618f64,0,Metrobank,"['Login/Authentication', 'Performance', 'Transaction Failures']"
0a3143f7-c7c4-463d-94b5-afee1f9f8ce3,0,Metrobank,"['App Stability', 'Performance']"
0a3fd5b1-b42a-40fd-a7f1-208babda8a9e,0,Metrobank,"['Login/Authentication', 'App Stability']"
0a415b51-1f8b-4dbe-b29a-35a28cea46c1,0,Metrobank,['Uncategorized']
0a4929ee-842a-4312-8eb5-22fa8bcef1a0,0,Metrobank,['Performance']
0a8a99ee-1ffe-4361-9adf-81d0fae9636e,0,Metrobank,"['Transaction Failures']"
0a9629bf-d63c-496f-8fe6-44f8360354e0,0,Metrobank,['Login/Authentication']
0abc11c0-f493-496d-b64c-757c804dc100,0,Metrobank,['Uncategorized']
0ad184a5-eed8-4a07-9e0c-6034f464faaa,0,Metrobank,"['Login/Authentication', 'Performance']"
0b2f89b0-49a7-4b19-9053-c65ea5204c9b,0,Metrobank,['Uncategorized']
0b37c25c-b3eb-4f5a-a077-185d7a3b9dfd,0,Metrobank,"['Transaction Failures']"
0b706322-5590-480d-b34d-afc210d6a274,0,Metrobank,"['App Stability', 'Performance']"
0bdd53b9-1c5f-44fa-834d-4a7b928f321a,0,Metrobank,['Uncategorized']
0c2455f9-5024-4acf-a852-e4ba44e8622e,0,Metrobank,['Uncategorized']
0c2d1c10-e442-4d0e-8c76-f5443a9c8a3f,0,Metrobank,['Uncategorized']
0c2e3e17-fcb0-43c1-b698-999811b72a51,0,Metrobank,"['App Stability', 'Performance']"
0c33e058-aef5-4a88-9b40-7ecf4def37b9,0,Metrobank,['Performance']
0c5b7864-65c8-40bf-ba38-7f81d01a7f0c,0,Metrobank,['Uncategorized']
0c5f4fff-cf02-4cc3-ab0d-5ae0908f7706,0,Metrobank,['Uncategorized']
0c6b06b7-eed0-4356-b6aa-0c0f80f1364f,0,Metrobank,['Uncategorized']
0cc45051-19cc-47a3-a882-48228dc7ed90,0,Metrobank,['Uncategorized']
0ce1637c-a2c6-403e-8e41-24588b766088,0,Metrobank,['Uncategorized']
0cff83c9-f65b-4e2e-9a5d-5ba4ea64eafa,0,Metrobank,['Uncategorized']
0d0192d3-b8b7-44b6-85d1-75cd49a9dabb,0,Metrobank,['Uncategorized']
0ddaed56-0557-42d4-8769-08b11e80d7b8,0,Metrobank,"['App Stability']"
0ddfaca2-49c8-4da3-b3dd-38c22bece7f2,0,Metrobank,['Performance']
0e2581ce-7338-42be-b61b-4cfc75bac0de,0,Metrobank,['Uncategorized']
0e2e51cd-4386-445e-8aa6-4c73d33a3287,0,Metrobank,['Uncategorized']
0e6c868c-9c19-40f4-a96c-a03d0bd743c3,0,Metrobank,['Login/Authentication']
0e9fdb41-8ae6-44fa-880c-48f4bc049316,0,Metrobank,['Uncategorized']
0ebed41a-a811-4866-ab43-96d138ec67c6,0,Metrobank,['Uncategorized']
0eff7296-8485-41bb-ad58-06d274406584,0,Metrobank,['Uncategorized']
0f3f00eb-759c-4a37-bf0d-e5b6a23f90e5,0,Metrobank,['Uncategorized']
0f995bbb-f86e-4ace-aaac-78010300c187,0,Metrobank,"['Login/Authentication', 'App Stability', 'Performance']"
0ff7128b-74e7-4402-91f7-a01808e4b16e,0,Metrobank,['Uncategorized']
0ffa04a3-4a2e-44a7-926d-6ef9a3262dd2,0,Metrobank,['Performance']
0ffe1cdb-73eb-4e77-ae82-7f8b7e73ef63,0,Metrobank,['Performance']
1007fbfb-b805-4736-b025-4fe61e8b12ab,0,Metrobank,['Uncategorized']
1048bc27-1b0d-406e-8404-69cd12b3995c,0,Metrobank,['Uncategorized']
1051af31-6137-4e3a-96ae-03a8f352ab39,0,Metrobank,['Uncategorized']
106684ae-b723-4074-a881-b574b2131fbe,0,Metrobank,['Uncategorized']
107760ed-e8dd-4259-b334-44616a87da3a,0,Metrobank,['Uncategorized']
107b135e-ec76-46a2-a029-609ee6927ff8,0,Metrobank,['Uncategorized']
1086a629-2760-41c0-8af4-f81da7be96ab,0,Metrobank,['Performance']
109fdc2a-52be-4dea-b138-b68aa61c6e3b,0,Metrobank,"['App Stability']"
11023543-ada9-446a-a131-df6513925104,0,Metrobank,['Uncategorized']
11125d9e-0bed-411f-97db-7e41567859f6,0,Metrobank,"['App Stability', 'Performance']"
1117fbfc-8af1-47d6-94eb-86f0b1a409e2,0,Metrobank,['Uncategorized']
11299679-3c02-4a78-a0a7-4852df5aaf1d,0,Metrobank,['Uncategorized']
1155c7a4-1b08-45a7-a4bc-1a4f7ac0086d,0,Metrobank,['Uncategorized']
115c6521-443f-42f0-9e5d-bc03bac3eac1,0,Metrobank,"['Login/Authentication', 'App Stability']"
11610756-a5bd-44d6-bf91-80c45b3b8f19,0,Metrobank,['Performance']
11777b4b-b6ad-47ab-b35e-bd2d422480a7,0,Metrobank,['Performance']
119007d0-2722-48bc-ac6a-23e285710621,0,Metrobank,['Uncategorized']
11a48205-bc6f-43cf-81de-a071068bb466,0,Metrobank,['Uncategorized']
11a54c59-153f-4480-a18f-33c200b9392f,0,Metrobank,['Performance']
11b32000-14e0-4da8-a617-2141d536b94f,0,Metrobank,['Uncategorized']
11d35bef-7521-43e8-87f1-ce0fd8979c85,0,Metrobank,"['App Stability']"
11e8cc88-8971-4b3c-b238-e10eec02fcd2,0,Metrobank,"['App Stability']"
11eff408-15d4-4a87-a175-0d631e9c091b,0,Metrobank,"['App Stability']"
11f0c875-cffe-462e-a687-54a8058a958c,0,Metrobank,['Login/Authentication']
11f56199-4371-460d-80af-ffe2cdf58613,0,Metrobank,['Performance']
1221c7b2-d1fc-4101-95d5-9f0680412a56,0,Metrobank,['Uncategorized']
126797d4-27ad-4306-8b93-70ad4c9935fb,0,Metrobank,['Uncategorized']
12883abc-25fb-4d8a-a8a7-e1d27524946e,0,Metrobank,['Uncategorized']
128f054d-a1d2-4ccb-b66b-85433fd12ac2,0,Metrobank,"['App Stability', 'Performance']"
129cdf03-4e33-49e5-adeb-0d634208aebe,0,Metrobank,['Uncategorized']
12c1a054-82d8-4db1-abf5-6abdcf404045,0,Metrobank,['Uncategorized']
12d18068-b4c7-485c-860f-918923ae5cee,0,Metrobank,"['App Stability']"
12d2506c-09c9-438a-a40b-d815527fb629,0,Metrobank,['Uncategorized']
12efea45-0555-40c1-9823-6b045312ca3b,0,Metrobank,"['App Stability']"
13187acf-d2f7-410e-b73d-d645313ac7d7,0,Metrobank,['Uncategorized']
131891db-cf5f-4ac8-81f1-2bac3658fff7,0,Metrobank,['Uncategorized']
13227be9-c99a-4a71-891b-8794730256fa,0,Metrobank,['Uncategorized']
132a67bb-d358-45ea-b8b3-1f24de48dc83,0,Metrobank,['Performance']
132ba5f9-c7ca-4d68-8951-2a7ce233b388,0,Metrobank,"['App Stability']"
13410b26-91e7-4022-ac45-26ad29c7964e,0,Metrobank,['Uncategorized']
136f99f7-b386-4b7e-ad05-ee3b56839b82,0,Metrobank,['Performance']
137a491c-9fbd-4256-a09e-47bf462b31b0,0,Metrobank,['Uncategorized']
13a2f44a-88a7-40e9-b32d-3ff168689480,0,Metrobank,['Performance']
13bcdc29-b58f-4409-ad2f-a130355fc353,0,Metrobank,['Performance']
14066017-4248-4189-8f81-b348659aeaf4,0,Metrobank,['Login/Authentication']
140c33ce-8a0a-49f7-81d9-7db245d50599,0,Metrobank,"['App Stability']"
14195d37-09b4-4691-b964-4096656a2913,0,Metrobank,"['Performance', 'Transaction Failures']"
1442ddab-db1c-4f17-8273-9625dce2e1c0,0,Metrobank,"['App Stability']"
1457b0a3-50d4-4c72-9e62-cde223d341f4,0,Metrobank,"['Login/Authentication', 'Performance']"
14d772fd-89c2-4560-8a91-5f380a70bece,0,Metrobank,['Uncategorized']
15167ec7-e760-45f4-b51a-a530861d1a19,0,Metrobank,['Uncategorized']
152fb2d7-49c3-4727-87d2-d130448d1816,0,Metrobank,['Performance']
15549973-4164-4e0c-890c-0db9008df3b5,0,Metrobank,"['Login/Authentication', 'App Stability', 'Performance']"
1577cdce-b5b0-4c75-81a0-ff8d0ded639d,0,Metrobank,['Uncategorized']
15948071-2cef-465f-885a-770085ceda30,0,Metrobank,['Uncategorized']
159b5776-56a7-43d2-accb-b8fbc58ebc3f,0,Metrobank,['Performance']
15dbeccd-8352-433e-8ed2-3859bb215f90,0,Metrobank,['Performance']
15ddbd19-61d7-49d9-addb-32c6effbbf94,0,Metrobank,['Login/Authentication']
15ea02bc-a3c5-4d95-9456-e6b8f3fc2f37,0,Metrobank,"['App Stability']"
1602dd11-718d-46a0-b8d8-7b66d406fea7,0,Metrobank,"['App Stability', 'Performance']"
160f96ea-9686-437d-85c6-7cc769c54a3d,0,Metrobank,"['App Stability', 'Performance']"
16193fae-8ca9-4d4c-aebd-9f3afef3e462,0,Metrobank,['Uncategorized']
16402522-d51d-460a-9b60-f1a96f5a0ec0,0,Metrobank,"['App Stability', 'Performance']"
16509ad7-107c-4e14-ad25-adae08d82dfd,0,Metrobank,['Uncategorized']
16527314-710f-4b11-9e2d-652091b9f057,0,Metrobank,['Uncategorized']
165c45ab-0ef7-4006-8361-467d276af992,0,Metrobank,['Uncategorized']
16983ef2-909a-4aeb-8f43-695e58969f53,0,Metrobank,['Login/Authentication']
16b4e412-e8be-4692-a6c0-e51a7d1e994c,0,Metrobank,['Uncategorized']
16ee31ed-8c6e-4845-80f0-b7ea5031a08b,0,Metrobank,['Uncategorized']
1754d537-c7f0-4bcf-ae3e-b76f47e001e8,0,Metrobank,['Performance']
175816a6-5781-43ae-ad1b-381aada6690e,0,Metrobank,"['App Stability']"
175e3ceb-ec44-47de-a8b5-a953638f039a,0,Metrobank,['Login/Authentication']
176cdc98-f2e5-4580-acd3-8c294c7a50b0,0,Metrobank,"['App Stability', 'Performance']"
17911108-e680-446b-9918-0088736b106d,0,Metrobank,['Uncategorized']
1792ff8c-79f9-468c-a19b-e7b37204003d,0,Metrobank,['Uncategorized']
179538cd-c68e-44ba-b0c1-508f04ba42e0,0,Metrobank,['Performance']
179be196-c748-43c0-9b4a-30418007dedf,0,Metrobank,['Uncategorized']
17a4dda9-8d5c-4d7e-8d12-23d790352688,0,Metrobank,['Uncategorized']
17aef3ab-193d-4126-bb43-0593ca90b00f,0,Metrobank,['Performance']
17b26659-c933-4d15-b7b4-7181ec2025bd,0,Metrobank,['Uncategorized']
17e9af81-4d64-4506-a257-1e098aac2c96,0,Metrobank,['Uncategorized']
17f344dc-5d15-4829-ba7d-89dc909383af,0,Metrobank,"['App Stability']"
180842da-8387-48f6-80bb-bcddcaba7e0d,0,Metrobank,['Performance']
1827b569-2888-4fc5-a409-44f187756c39,0,Metrobank,"['App Stability']"
18376584-8e4c-42ea-ae11-407f8507ad0a,0,Metrobank,['Login/Authentication']
1840ec3b-04c7-4727-b434-8cc49c033e46,0,Metrobank,['Uncategorized']
1844a9c0-81e0-402d-96bd-4e81735e80a8,0,Metrobank,['Performance']
1878c33a-7c95-4e20-aedd-d5920e5cce75,0,Metrobank,['Uncategorized']
187f66eb-6a69-4481-897f-1f4200152a69,0,Metrobank,['Login/Authentication']
18dc4963-7f7c-4d6b-bc97-4d2531c13be8,0,Metrobank,['Performance']
18fe9aa9-728d-4405-ab77-03657eb99cf8,0,Metrobank,['Uncategorized']
190a4ff2-c9fc-4c9c-af36-c70836db4045,0,Metrobank,['Login/Authentication']
190b2f7b-f166-4beb-a4b9-e3764a21ff67,0,Metrobank,['Login/Authentication']
19172491-60b8-4204-8d0d-d1a332532d4f,0,Metrobank,"['App Stability']"
19283447-b6c0-443b-acff-cb6b4df82867,0,Metrobank,['Uncategorized']
193ab9a5-29a4-419a-b069-6a5237e2b3ba,0,Metrobank,"['App Stability', 'Performance']"
194228b5-c34d-4f8a-af51-acd657090f0f,0,Metrobank,['Uncategorized']
194bbe35-288b-4957-b8c2-ed40a48df72b,0,Metrobank,['Performance']
195828ff-7d7a-42dc-b75c-07fcf08692ab,0,Metrobank,['Performance']
1968ba14-929e-4b8a-9130-df35b93ac953,0,Metrobank,"['App Stability']"
19698281-2808-4d9e-9630-d201dac49c84,0,Metrobank,"['App Stability']"
19a4590a-e014-4fbd-8ba6-4b2ffcf9673a,0,Metrobank,['Uncategorized']
19ac0e07-40c9-4a2c-83a2-0a780ad42ad0,0,Metrobank,['Uncategorized']
19aec879-69bf-482e-9f27-29bf0f8369d8,0,Metrobank,"['App Stability']"
19f45e4a-174a-4201-8d25-1fca9963ec85,0,Metrobank,['Login/Authentication']
19f4f738-df1b-458d-9b48-489ae5a15736,0,Metrobank,['Uncategorized']
19f67082-53f3-4426-9c82-04f9b0bbae54,0,Metrobank,['Uncategorized']
1a0118dd-68c5-45de-8d7b-976ff36b2b3f,0,Metrobank,['Performance']
1a106238-95f5-4f09-9cbe-d670b63edfd5,0,Metrobank,"['App Stability']"
1a979357-945f-4b3c-8859-dade622113f8,0,Metrobank,['Performance']
1aaa6604-b43b-418b-abde-b2ad4c7e6b6b,0,Metrobank,"['Login/Authentication', 'Performance']"
1aab1fbc-c746-4dea-8560-ca2782d0c192,0,Metrobank,['Uncategorized']
1b14b8f1-19fd-47ef-9453-8906c09d1f2a,0,Metrobank,"['Login/Authentication', 'App Stability', 'Performance']"
1b1735f7-5fbd-4e2c-9983-564b268b7241,0,Metrobank,"['Performance', 'Transaction Failures']"
1b740a31-fbd8-4720-8db2-90505c7f00fa,0,Metrobank,['Uncategorized']
1b87f965-e13b-4a44-a01d-9aecdc15f600,0,Metrobank,['Login/Authentication']
1babc358-c49d-4ff1-82c9-88489bac5b11,0,Metrobank,['Performance']
1bb1fb2d-51b7-4915-bd89-d66f7b912394,0,Metrobank,['Uncategorized']
1c0ce8ee-a013-453d-bf84-dfbddc47c48c,0,Metrobank,"['App Stability']"
1c142e2b-d5d8-49fa-9d22-34cf33971a8a,0,Metrobank,"['App Stability', 'Performance']"
1c284e18-bf50-4ef3-8aaa-bcb6f46d7713,0,Metrobank,['Performance']
1c2ce3d9-d219-4333-95e5-d49f3c8a9301,0,Metrobank,['Uncategorized']
1c4f037d-918e-4329-ae9b-6aa3a2c111b0,0,Metrobank,"['App Stability', 'Performance']"
1c77250a-175c-4cb3-8987-8876dd5d8293,0,Metrobank,['Uncategorized']
1c876d98-dc2e-456a-bab1-d8283859c341,0,Metrobank,"['App Stability']"
1ca871b8-b2bd-4089-ae50-e1e10ca580ac,0,Metrobank,['Uncategorized']
1cf4ae31-be25-4001-83a1-b196f5652d33,0,Metrobank,['Uncategorized']
1d11546c-9d74-406e-b1d3-77ccaf93237c,0,Metrobank,['Uncategorized']
1d3469f8-a0da-4d42-ad4c-a1ef7767313a,0,Metrobank,"['App Stability', 'Performance']"
1d34e821-b3df-4f91-abae-a77bfb420ece,0,Metrobank,"['App Stability']"
1d86de02-d3ca-438c-9870-68fdfdb72301,0,Metrobank,['Login/Authentication']
1da5a9ad-6675-45f6-a6af-72e6882c598d,0,Metrobank,['Uncategorized']
1dc02e30-32c6-412a-88e0-3a46941cbdc0,0,Metrobank,"['Login/Authentication', 'Performance']"
1dc3f26b-fc66-4291-b9a0-c7a61a13894b,0,Metrobank,"['App Stability', 'Performance']"
1e0035d7-4e92-4cfa-a4cf-a1af2bdba97b,0,Metrobank,"['App Stability']"
1e0c7c63-7e03-47dd-bb73-47353edce742,0,Metrobank,['Login/Authentication']
1e1ee7a5-f1bd-4f6b-b60c-ac313d553c03,0,Metrobank,"['App Stability']"
1e578aef-531d-45bf-95ba-9d0323070bd6,0,Metrobank,"['App Stability']"
1e7f3be8-0e3e-4941-a05c-7af55268cfcf,0,Metrobank,['Performance']
1e97fc20-558d-4424-b44d-a3b1728845c0,0,Metrobank,['Uncategorized']
1e9f7d15-dd56-490f-a94c-6725e6e05c4b,0,Metrobank,['Uncategorized']
1ecc99c1-eafc-4f09-ae8f-b2e20f11dc6c,0,Metrobank,['Uncategorized']
1ed249f6-3979-44f7-8f33-e075c0ceef3a,0,Metrobank,['Uncategorized']
1ef3c735-a8c9-4976-9768-9c047c2e1d7e,0,Metrobank,['Uncategorized']
1f1d6996-aaf6-4e1e-9e1c-cfb633bb8d20,0,Metrobank,"['App Stability', 'Transaction Failures']"
1f203d8a-f3b5-40d8-8575-57be0829f2f8,0,Metrobank,['Uncategorized']
1f2d9647-73fe-4312-910d-59c9ea15566b,0,Metrobank,"['App Stability']"
1f347eb6-8ba6-4ffa-9593-46e308eb87f9,0,Metrobank,['Uncategorized']
1f59fe26-ef59-4211-a7e7-f24c46149ea9,0,Metrobank,['Performance']
1f64785c-214d-4df4-baaf-cf36e6aa2f00,0,Metrobank,"['Login/Authentication', 'Performance']"
1f7f0774-28ba-4c64-ad09-f010bca71ca2,0,Metrobank,['Uncategorized']
1f9e1dc0-d499-4b1b-b0f1-c5637b19fa9c,0,Metrobank,"['Login/Authentication', 'App Stability']"
1fa2c5c1-ecb6-4a1a-acb8-389870038b6d,0,Metrobank,"['Login/Authentication', 'Transaction Failures']"
1fa3a129-ea3c-416a-bd67-4e2978d28a71,0,Metrobank,"['App Stability']"
1fdd3f22-ddf5-497b-b0a8-bf2e72797c89,0,Metrobank,['Uncategorized']
2023f1fc-8926-4dc9-ba1e-ec52832e7b4e,0,Metrobank,"['App Stability']"
202c5aed-fc01-497e-8ef7-aa6107aa28bc,0,Metrobank,['Login/Authentication']
203bfbd7-08d4-4482-a9f9-33850b9b971e,0,Metrobank,"['App Stability']"
2062bdc7-5376-44f8-866d-7242d4539604,0,Metrobank,['Login/Authentication']
20645ec2-0834-4f17-b784-53ab2e026333,0,Metrobank,"['App Stability']"
2085ffe0-fc2d-4f83-a744-c2bd07b5b35a,0,Metrobank,['Uncategorized']
21035a9a-2142-4096-bb82-a76fd26b4006,0,Metrobank,['Performance']
210b6304-1c18-48f6-8c35-875805a9f572,0,Metrobank,['Uncategorized']
21212460-7860-480b-886b-3f1667069498,0,Metrobank,['Uncategorized']
213fdffc-f9c3-418d-b100-2c7dc6d6caec,0,Metrobank,"['Login/Authentication', 'App Stability']"
21a488a7-b857-4161-be1c-5c64516835be,0,Metrobank,['Uncategorized']
21af8aaa-ec2b-42c4-a4d4-cc36f729129a,0,Metrobank,"['Login/Authentication', 'Performance']"
21efa953-69e5-477e-8357-22026248e2ae,0,Metrobank,['Uncategorized']
221a9396-47dd-41da-93cd-61d96bdaa426,0,Metrobank,['Performance']
221b0a3b-9407-4a9f-94b3-a2915376b96f,0,Metrobank,['Uncategorized']
2231418a-25df-4fb5-b385-af7135152ef1,0,Metrobank,['Uncategorized']
223525e4-16e1-49fd-822b-c55823e5e1c1,0,Metrobank,['Uncategorized']
22426c2b-ef8f-4931-82ea-e178a8e62092,0,Metrobank,['Uncategorized']
22742056-52b5-48b6-82a2-b9f87a1b0f09,0,Metrobank,['Uncategorized']
22e1c6ac-713e-4ef3-b969-602073a58267,0,Metrobank,"['App Stability', 'Performance']"
22fe6178-1a44-4d7b-beaa-c750f2afa9e9,0,Metrobank,"['Customer Service']"
230bb394-329d-4323-a445-c46666818e28,0,Metrobank,['Uncategorized']
231f2f3e-00ab-495c-822e-6b1f163f8632,0,Metrobank,['Performance']
2322cdd1-8156-4e26-b4c2-293895701d29,0,Metrobank,['Uncategorized']
2323c996-c950-44c1-b2e1-3a306dfc7245,0,Metrobank,['Performance']
23345982-eac0-45e7-8dc2-830c10fdad9a,0,Metrobank,"['App Stability']"
23440183-f662-449f-967d-3f23b4154353,0,Metrobank,['Uncategorized']
237507a0-3ce0-4384-948d-0ac6a6ac8bac,0,Metrobank,['Uncategorized']
239a747f-25a9-49a7-9e8d-99c4fa7e0d56,0,Metrobank,['Uncategorized']
23aaa654-546e-4eda-bedf-4fe98990c195,0,Metrobank,"['App Stability']"
23b0e3e0-359c-44d1-b103-36d2b1c0c5c9,0,Metrobank,['Uncategorized']
23bfe84c-489c-4dc3-9223-305031e337fb,0,Metrobank,['Login/Authentication']
23e7aad2-5bea-4a7b-ad37-784e8789f2a2,0,Metrobank,['Performance']
249d354c-7fff-4608-ab23-cdfea81a8498,0,Metrobank,"['Login/Authentication', 'Performance']"
25195acc-6993-4302-80b9-abcd5b5654b5,0,Metrobank,['Uncategorized']
252711f7-7a7e-4e85-b296-80d46809b181,0,Metrobank,['Performance']
2570e243-ddf7-45b9-bd4f-960d34b3c8a9,0,Metrobank,['Performance']
25949de7-ae55-4988-9c45-5dba0f2c4d6e,0,Metrobank,['Uncategorized']
259f32dc-11fb-4700-a64f-265f84502b31,0,Metrobank,['Uncategorized']
25b07832-bf5d-45cb-8dd8-95c460b0e6c4,0,Metrobank,['Uncategorized']
25b20c74-9e5d-452b-a962-1acd6994c8eb,0,Metrobank,"['App Stability']"
25b5cab3-127b-4d3d-8925-c0f0afbd737c,0,Metrobank,['Uncategorized']
25c008af-004a-4de3-84ea-1e641e84b24e,0,Metrobank,['Performance']
25e89296-06a5-4875-8d58-4db92db0b363,0,Metrobank,['Login/Authentication']
25f67ac2-4bf2-45c3-b2da-dbea68455d92,0,Metrobank,['Login/Authentication']
26315ee7-3a41-40b6-b493-aaff82888cea,0,Metrobank,"['App Stability', 'Performance']"
26370265-9f0e-41c8-813b-c213c74fdd80,0,Metrobank,"['Login/Authentication', 'Performance']"
264199eb-c4b7-4bbd-be93-72f72c73cb93,0,Metrobank,['Uncategorized']
265a79f5-9ad2-4918-8df7-eaa30786a6f5,0,Metrobank,"['App Stability']"
26ceb6a9-7dfe-415a-bb48-ccaafd29d084,0,Metrobank,['Performance']
26ee15b1-9966-43ef-8de7-c055d1697ee6,0,Metrobank,['Uncategorized']
2719af77-8242-4ecb-98e0-6f9be81103c7,0,Metrobank,['Uncategorized']
272a62c5-1209-440d-9b1d-eedbd3a3d1d3,0,Metrobank,['Login/Authentication']
272c5d40-077d-4be4-a8a7-dbab9a36c121,0,Metrobank,['Uncategorized']
276ca344-b4b0-4541-a3eb-d9b6177358a9,0,Metrobank,['Login/Authentication']
276e8300-ed1c-4076-b715-3355e8cdd1e0,0,Metrobank,['Uncategorized']
27c43ce3-1560-49c9-b7d8-a961a15fe0fe,0,Metrobank,['Performance']
27cf8106-69c2-46c1-8056-d234c8c9d2d4,0,Metrobank,"['App Stability']"
27e32ed2-495a-46fe-8cef-e2695ad8360e,0,Metrobank,['Uncategorized']
28448ccc-382a-4666-88a2-dcca10b59e7c,0,Metrobank,['Performance']
286b8247-a9ab-436e-8801-e535bb165daf,0,Metrobank,['Uncategorized']
286c3dd3-d805-41ef-9191-282234477bdd,0,Metrobank,['Uncategorized']
288320a6-3d5a-4769-a89d-cb3de3915a97,0,Metrobank,"['App Stability']"
28939ff5-35a1-40a7-a803-f5dec7a76d43,0,Metrobank,"['Login/Authentication', 'App Stability', 'Performance']"
289ce77c-949a-4e0c-bfef-3cd3661b85c4,0,Metrobank,['Uncategorized']
28a04029-41a4-479f-a7d6-c017f30147af,0,Metrobank,['Login/Authentication']
28daa16e-b602-4452-8641-cff7c086eb3b,0,Metrobank,"['App Stability']"
29106a6a-3ea4-4c6e-bcb2-fb4e5d47354f,0,Metrobank,['Uncategorized']
293c0f8f-4764-479a-9b9b-bbf03c58fbe3,0,Metrobank,['Uncategorized']
294d8e94-60e3-4204-aa3b-09d5481d4ec9,0,Metrobank,['Login/Authentication']
295019cd-f80e-4914-b253-ff89518953a7,0,Metrobank,['Performance']
2957be0c-951c-4553-a139-34aad688efc9,0,Metrobank,"['Login/Authentication', 'Performance']"
296003f1-d1f8-406d-a030-b317741a6262,0,Metrobank,['Uncategorized']
298c109b-eae7-43ad-b4ed-7d526625181f,0,Metrobank,['Performance']
29941ba2-9831-4095-9ea9-ccb72e269d44,0,Metrobank,"['Login/Authentication', 'App Stability']"
29afbb39-acec-466c-b5cb-0c2a1d0464b1,0,Metrobank,['Uncategorized']
29b5bd18-bbca-4217-bc69-bc6432f6465c,0,Metrobank,"['App Stability', 'Performance']"
29bbbae3-e4b2-4b70-bae1-4961f6d09a05,0,Metrobank,['Login/Authentication']
29c58074-f8ff-45d6-9298-68d3d07c40cf,0,Metrobank,['Login/Authentication']
29dc9efb-38fa-4f83-b8a5-aa187da96c90,0,Metrobank,"['App Stability']"
2a06eba5-8503-4da4-b2c4-cf1cfe964fa9,0,Metrobank,['Uncategorized']
2a33ddfb-1779-452a-b9bb-3d0e082ab61e,0,Metrobank,"['App Stability']"
2a486bc9-9076-484f-9ebf-17814cfc303f,0,Metrobank,['Uncategorized']
2a57b443-106e-42b0-a825-4f45cbd3c66a,0,Metrobank,['Uncategorized']
2a8e257b-4367-46a8-acab-36e7475c1c5a,0,Metrobank,"['App Stability', 'Performance']"
2a9179cd-b82d-4713-bcc4-bb1b880f23bc,0,Metrobank,"['App Stability']"
2aa49002-ea20-4268-9041-b7f9a9dc227d,0,Metrobank,['Uncategorized']
2ac0a702-4670-47ad-bf24-d4d2e12f0c6c,0,Metrobank,"['App Stability']"
2ae1fb59-71b5-4a70-ba78-23cef81f7f62,0,Metrobank,"['Login/Authentication', 'Performance']"
2b0b6107-13cb-422f-ba5f-e9781184ab5b,0,Metrobank,['Uncategorized']
2b22d7f1-151e-41f0-bc89-95d6bc6933a4,0,Metrobank,"['App Stability', 'Performance']"
2b363cc1-5907-41d9-b734-b3d44e41cdad,0,Metrobank,['Uncategorized']
2b44977a-ef3a-4256-b4e4-be1796575758,0,Metrobank,['Performance']
2b55111e-2344-4fc6-b89d-fe5e00c739dd,0,Metrobank,['Uncategorized']
2b5deef8-87f3-46dd-8ec1-4171862555e0,0,Metrobank,['Uncategorized']
2b654290-f7ea-4650-8550-731f11f69ba6,0,Metrobank,"['App Stability']"
2b6f7804-374f-4bfe-8cae-a81347550431,0,Metrobank,['Performance']
2b760bbe-1799-4336-ad41-1c1b340e2030,0,Metrobank,['Uncategorized']
2b7b6633-cbad-45d0-863c-f6a8d5eaac7a,0,Metrobank,"['App Stability']"
2b82763e-1b08-4cb3-82cf-3ac4da552693,0,Metrobank,['Login/Authentication']
2c0ddacd-bfb5-4cb9-904b-000b4ef88115,0,Metrobank,"['App Stability']"
2c12d4ad-5539-4936-9e8c-1497fb9b10c0,0,Metrobank,"['Login/Authentication', 'Performance']"
2c1746f5-514e-42bd-a4f0-c8578c4f988b,0,Metrobank,['Uncategorized']
2c479332-f49e-4c66-bb2b-92228ffbd91c,0,Metrobank,['Uncategorized']
2c4b0258-df05-4b1b-b2fa-73d2a80b8243,0,Metrobank,['Login/Authentication']
2c4bb7b8-a004-4a18-9a40-475ddbc697fa,0,Metrobank,['Performance']
2c4c45e1-cf1c-4546-ab48-30812c2f49c8,0,Metrobank,['Uncategorized']
2cc21789-01ed-45da-8af7-9279916d2d3e,0,Metrobank,['Uncategorized']
2cd9b5c3-4b25-46aa-9bab-c3943972f638,0,Metrobank,['Uncategorized']
2cde6421-f9ce-4af4-a646-97baef1c8aec,0,Metrobank,['Uncategorized']
2d3b39d3-9d44-4098-b421-cb73cdf3f718,0,Metrobank,"['Login/Authentication', 'App Stability']"
2d79bd7f-5a93-419c-b3ed-02f9e06da104,0,Metrobank,"['App Stability', 'Performance']"
2d7d6ec9-950f-4e4c-a332-566fd574677b,0,Metrobank,['Login/Authentication']
2ddd2fdb-9871-45ab-9bdb-3a050fa6e43d,0,Metrobank,"['App Stability', 'Performance']"
2de3dcb8-6931-43f9-ac7d-6472b0486374,0,Metrobank,['Performance']
2de640cf-3279-4de7-92d7-76abf35eb917,0,Metrobank,['Performance']
2e07b372-86ed-4e67-88a5-7b5573b3447d,0,Metrobank,"['Login/Authentication', 'App Stability']"
2e07ebac-cef9-4384-acb4-38894b33a977,0,Metrobank,['Login/Authentication']
2e0cdba6-904f-4e0d-8225-33d14e41ccff,0,Metrobank,"['Login/Authentication', 'App Stability']"
2e51edda-2bab-4785-af1f-6507ea767c33,0,Metrobank,['Performance']
2e5ad703-7d44-4e9a-93d8-553d81ba7d6f,0,Metrobank,['Uncategorized']
2ed26ede-1c7f-411e-9fa2-abdfbca57637,0,Metrobank,['Uncategorized']
2ed882a7-7d2c-4d58-8570-2c26b31b74ad,0,Metrobank,"['Login/Authentication', 'App Stability']"
2f1ce81c-713d-4105-87a4-14d036cabd8a,0,Metrobank,['Uncategorized']
2f2cbc34-1b29-48e6-94ad-4afc83d509e1,0,Metrobank,['Uncategorized']
2fa96fbe-90a9-4a8f-bb6e-8b3fae116e0b,0,Metrobank,['Uncategorized']
2fb90c82-8035-477d-ba40-777851c12838,0,Metrobank,"['App Stability', 'Performance']"
2fc216e0-7e00-467b-bc60-9ecc9529d635,0,Metrobank,['Uncategorized']
2fcbcf96-849e-4ba4-ad03-6ad66e04d8c3,0,Metrobank,['Uncategorized']
2ff4f852-1a02-402b-9e62-e25713a558a1,0,Metrobank,['Uncategorized']
2ff85858-a665-435b-a369-f206a2d1e50b,0,Metrobank,['Performance']
2ffa1505-ad5a-485a-ae4a-74829d404873,0,Metrobank,['Uncategorized']
300e4e92-8035-4049-8f98-781588889625,0,Metrobank,"['Login/Authentication', 'App Stability', 'Performance']"
3018ca05-219a-413e-a348-ada4be1c5132,0,Metrobank,['Login/Authentication']
3027dd5d-2e14-43cc-a830-d868a052bc10,0,Metrobank,"['Transaction Failures']"
3030ccdd-af6c-43c7-8bcc-f7a319759c52,0,Metrobank,['Login/Authentication']
30351686-873e-42c0-9c86-dca0582e06dc,0,Metrobank,"['App Stability']"
303d531c-4c7d-451d-af84-cfa1f481b955,0,Metrobank,"['Login/Authentication', 'App Stability']"
30474328-f98a-405a-ae7d-f55896e82b36,0,Metrobank,['Uncategorized']
306a8dbd-a60a-4a1b-97b3-c4082069917a,0,Metrobank,"['Login/Authentication', 'App Stability', 'Performance']"
306ef06c-8b3a-4d0e-b146-c0783b0fa4af,0,Metrobank,['Uncategorized']
3082bb0f-fb17-4024-877c-e24e3775f3b9,0,Metrobank,['Uncategorized']
30ce2e5b-d064-4da3-8032-837710e050a4,0,Metrobank,"['Login/Authentication', 'Performance']"
30fa9f63-4c63-41b1-95f8-053ad998fcf3,0,Metrobank,"['Login/Authentication', 'Performance']"
3119ed68-7e3f-41cc-9a65-e390cb050420,0,Metrobank,"['Login/Authentication', 'App Stability', 'Performance']"
31410f10-5d45-41a3-b63f-c8f4f6268632,0,Metrobank,['Performance']
314c3bf1-2ee7-4626-8d1a-59209aa1df03,0,Metrobank,['Uncategorized']
319219c0-365b-4510-a584-fd48ae1305b2,0,Metrobank,['Uncategorized']
31961b66-76a9-4792-8048-e57e11a62b49,0,Metrobank,"['Customer Service']"
31fd4a8a-7366-4bc3-a81d-cc96287d8b5f,0,Metrobank,['Performance']
322d705c-7e39-48fa-b249-35c6c8c947c5,0,Metrobank,['Uncategorized']
326a4866-4757-4864-aea1-6453f236616f,0,Metrobank,['Performance']
327b7f45-2f91-4887-9e44-1d71d400a626,0,Metrobank,"['Login/Authentication', 'App Stability']"
328cfa57-dcf8-4e78-93a5-8b93262dc578,0,Metrobank,['Uncategorized']
32a5cb0d-b6d2-49df-8ac6-34f0f2362287,0,Metrobank,"['Login/Authentication', 'App Stability', 'Performance']"
32e3b968-accf-4e4d-afc6-3568893fef67,0,Metrobank,['Uncategorized']
32f8d729-2603-46ec-adf6-6eff42bbdc39,0,Metrobank,['Uncategorized']
3354cd52-6eeb-4328-9562-48e46ff3e5e7,0,Metrobank,['Uncategorized']
3367d569-d11d-4ac4-9cd3-d5763670bfbb,0,Metrobank,['Uncategorized']
33856c4e-ccac-470a-8c03-70467d75f816,0,Metrobank,['Login/Authentication']
33a75367-d231-4a44-957c-1d02676e3923,0,Metrobank,['Uncategorized']
33a897be-3789-4275-87e1-3cc711cae586,0,Metrobank,"['App Stability']"
33c2a451-4b85-4268-b821-5903661b7be7,0,Metrobank,"['Transaction Failures']"
33c6ee26-2860-4e28-a196-944e870b0600,0,Metrobank,['Uncategorized']
340ad25a-620a-4c73-a02f-22651f7f02c7,0,Metrobank,"['App Stability', 'Performance']"
342e5241-c314-4125-bd6b-1552389e49b4,0,Metrobank,['Performance']
34346f2f-034b-4e8e-8a03-871d112d95f9,0,Metrobank,['Uncategorized']
343864c3-d493-4905-b2fa-b84a18df74e8,0,Metrobank,"['Login/Authentication', 'App Stability']"
343a6a6a-9c8b-4c37-b456-92f80719210f,0,Metrobank,['Uncategorized']
34615a4b-c03a-43fc-badf-cf621e19449f,0,Metrobank,['Uncategorized']
3487be79-0c50-40c9-9799-78e62287debd,0,Metrobank,"['Login/Authentication', 'Performance']"
34910930-9446-43e8-92da-0be7a9c9069c,0,Metrobank,['Uncategorized']
3491b4b8-e1fa-4202-ae1e-1c0aaceca3d1,0,Metrobank,['Login/Authentication']
34b2dd2a-1f26-45f5-8aef-323bee0ce292,0,Metrobank,['Uncategorized']
34e9ecf0-b29e-431a-9250-d87dc5ef88fd,0,Metrobank,['Login/Authentication']
34edcd27-8c54-4356-a6de-45efed451d6c,0,Metrobank,"['App Stability']"
34f04aa1-4bea-44bb-b204-f6914da7b0be,0,Metrobank,['Performance']
350e109e-b31c-4952-89a5-f28685bd9b67,0,Metrobank,"['Login/Authentication', 'Performance']"
352582c5-3e57-4ee4-8756-96bbb2e9ce0f,0,Metrobank,['Uncategorized']
353d7c2a-c199-40f0-b37b-6610e400a110,0,Metrobank,['Login/Authentication']
353ed7b0-b3e7-45f2-9528-0260fc136eff,0,Metrobank,['Performance']
3540b606-67af-4d1c-ab28-64b65494372f,0,Metrobank,"['App Stability']"
3571dd98-69b6-4e96-b96e-e2e246fb5d69,0,Metrobank,['Performance']
3582f1d1-26d7-4bf6-9773-dead914e0d38,0,Metrobank,['Performance']
35a87bf6-43e3-4bc1-b1ad-1bcdb8e4fd11,0,Metrobank,['Uncategorized']
3602af0f-5e06-4d58-8c7c-0bc99de934d1,0,Metrobank,['Performance']
36295f06-1627-48f4-8784-f5f0a17e1ce6,0,Metrobank,['Performance']
364677a7-3108-4a25-b12d-6b20212b54fc,0,Metrobank,['Uncategorized']
3679a251-d0a7-4d69-acd8-cb7bec9337c0,0,Metrobank,['Uncategorized']
3679ff0e-0b3c-4cbd-b2e3-aa800c5177bb,0,Metrobank,['Performance']
367d38b6-d310-4053-af35-40dfca08e8ec,0,Metrobank,['Uncategorized']
36c6907c-7fab-4511-a285-7b41d7a5215d,0,Metrobank,['Login/Authentication']
36ca8b50-5abc-4692-b718-811543e7bae6,0,Metrobank,['Login/Authentication']
370a4357-b3f5-4654-97d0-8d40ad60673e,0,Metrobank,"['App Stability']"
37525d64-7a78-47fc-aed9-51e25d24d136,0,Metrobank,['Uncategorized']
376220fe-8157-40cd-a02a-18e7ff48f30e,0,Metrobank,['Uncategorized']
37674db1-6df7-4591-947d-c4a2b55348a7,0,Metrobank,"['App Stability']"
3778dec3-e37a-4074-a85d-53b6db9fd05b,0,Metrobank,"['Transaction Failures']"
379da99b-80fe-4a24-b4d5-a9a9a0d98d73,0,Metrobank,['Performance']
37a04d16-a74e-4711-8f87-ccefdf4e3f0d,0,Metrobank,"['App Stability']"
38119b5d-b9a7-4271-9697-1db50d2c9c71,0,Metrobank,"['App Stability', 'Performance']"
38121f29-e32f-4d12-890c-05f6ef02544c,0,Metrobank,['Uncategorized']
3822fbc9-61e2-40f5-96a8-4544fa4a9c5b,0,Metrobank,"['App Stability']"
383935e6-77fc-40c9-b123-19a4ded465e5,0,Metrobank,['Performance']
3872a0ed-f076-46f2-93df-5785a9c0df54,0,Metrobank,['Uncategorized']
387b589d-c026-4199-bac2-4c14c5f5b7a0,0,Metrobank,"['App Stability', 'Performance']"
387f9ba6-f3f5-4759-8afb-9e8f961a68a0,0,Metrobank,"['Transaction Failures']"
388670c6-19e8-48d8-8ed4-b09bf000a431,0,Metrobank,['Login/Authentication']
38b3f273-543b-42fa-bcb0-0e50a42615df,0,Metrobank,['Uncategorized']
38d2cd07-80fc-48e6-8278-3521aefa3c99,0,Metrobank,"['Transaction Failures']"
38fe6c62-84ea-47ee-8f16-31aaa77f53a7,0,Metrobank,['Performance']
394487b9-3497-4e12-a66f-bb2139f7bf66,0,Metrobank,"['App Stability']"
3959c9d3-89fd-4aa5-bd27-52ffdb33e652,0,Metrobank,['Uncategorized']
396237a8-fae4-41e3-b8cd-ffb77b155c93,0,Metrobank,['Uncategorized']
39763bd9-5dbf-47be-9f76-2ae1b88d47e4,0,Metrobank,"['App Stability']"
39ad83f4-b049-4789-9669-3eba8a852ca3,0,Metrobank,['Performance']
39c2169a-d069-43f4-abf9-7a5b0ac365a1,0,Metrobank,['Performance']
39d0e524-6759-4a06-b857-50b28605d3b5,0,Metrobank,['Uncategorized']
39d71ff4-9c2a-4d5d-a904-1566a11a8366,0,Metrobank,['Performance']
39dfd23c-561b-45d9-8f15-7c1d7409afd7,0,Metrobank,['Performance']
39e28e87-f6ee-4690-8a7c-c393e1206e40,0,Metrobank,['Uncategorized']
3a06a8c7-3dbb-4062-ad77-6348a2e65989,0,Metrobank,"['App Stability']"
3a2d8adb-cbc6-41ac-8191-2f5b6abfc745,0,Metrobank,"['Transaction Failures']"
3a3e4f38-f3e0-49f5-9968-70d82c8365a3,0,Metrobank,['Uncategorized']
3a60a448-ccec-43f8-b240-c77bccf58257,0,Metrobank,"['Login/Authentication', 'App Stability']"
3abadd5d-d039-4af4-8e60-aeb670f6225f,0,Metrobank,"['App Stability']"
3accf92e-c87a-41df-be94-0dacb3ea0ac6,0,Metrobank,"['App Stability']"
3af09629-67ab-4618-8a7b-db0af32a8bc7,0,Metrobank,['Login/Authentication']
3afe76d1-e15f-4da2-a49b-7cf34588b5ac,0,Metrobank,['Uncategorized']
3affe08a-2834-4d6c-a341-600f6cd85aa3,0,Metrobank,"['App Stability']"
3b330a82-3eab-44a6-84da-58ba766f5776,0,Metrobank,['Performance']
3b68d4fc-64c3-4c6a-8d01-2eb5eef322ab,0,Metrobank,['Uncategorized']
3b6cf469-c60d-42e3-9148-22d4810e9d44,0,Metrobank,"['App Stability']"
3b878be7-17c9-4d55-b907-92a4dab63934,0,Metrobank,['Uncategorized']
3bc19fb8-2e44-4852-ac7e-de7df6a251de,0,Metrobank,['Performance']
3bca79da-ca2c-4f2c-b8ca-4e790f68903d,0,Metrobank,['Uncategorized']
3be3b25b-3499-42f2-b356-33793f2aceba,0,Metrobank,['Uncategorized']
3be49629-7334-4038-ac66-06a1301db776,0,Metrobank,['Uncategorized']
3be94f2d-647b-48d7-b004-57b8aab4e8e4,0,Metrobank,"['Customer Service']"
3c4d88fc-97f4-4808-a21c-afc5f3a50c3c,0,Metrobank,"['App Stability']"
3c557c12-a180-4535-8ef4-442726fa2a00,0,Metrobank,['Uncategorized']
3c74423a-ba65-4ad5-bfa6-491fe08b4a31,0,Metrobank,['Uncategorized']
3cc7d033-68b7-4458-ac46-27dc68ec37ce,0,Metrobank,['Performance']
3cccb326-67ac-4abd-b9f1-c35c07c5655c,0,Metrobank,"['App Stability']"
3cdf228f-9449-4362-afd8-583b0abe98c5,0,Metrobank,['Uncategorized']
3cf5106d-3630-41ee-8895-3a07b980d7e8,0,Metrobank,['Performance']
3d2b4468-2d4e-45ac-9d02-c929aab15447,0,Metrobank,"['App Stability']"
3d382a9b-f434-4199-b96f-e81683ab710f,0,Metrobank,['Uncategorized']
3d72ef08-e70e-4d13-bb10-47e9e6579538,0,Metrobank,['Uncategorized']
3da6fc31-80c7-4a04-a9bf-632f05e9ba43,0,Metrobank,"['App Stability', 'Performance']"
3dbe0f57-ec19-4ecd-b2d0-28702920dee1,0,Metrobank,"['App Stability']"
3de72ac5-652d-4d71-ba39-df1774dc5872,0,Metrobank,"['Transaction Failures']"
3ded4379-3947-445e-b215-fa1080f697a1,0,Metrobank,['Uncategorized']
3def40c2-e1d4-402b-b822-d06a02906467,0,Metrobank,['Uncategorized']
3e1fae45-8f2d-4d55-af85-eb3ae3abfccb,0,Metrobank,"['App Stability']"
3e24c51d-aa88-463b-bda0-cc8515905c77,0,Metrobank,"['App Stability', 'Customer Service']"
3e9548cd-c461-4009-b2bc-c459d384d864,0,Metrobank,"['Transaction Failures']"
3e98b3b7-a14b-402b-b742-9cdeb99babfa,0,Metrobank,"['App Stability']"
3ea471c9-9767-437f-b809-35cb7362d3e4,0,Metrobank,['Uncategorized']
3eb1d11e-cde9-492b-a6b1-dce19f5db614,0,Metrobank,"['Transaction Failures']"
3ebb7073-d62b-47c4-89fb-f65a8139ed73,0,Metrobank,['Uncategorized']
3eda00f0-0866-45a3-b0f0-ed26b275d5da,0,Metrobank,['Uncategorized']
3edb8702-5504-4172-902f-49fa91821bee,0,Metrobank,['Login/Authentication']
3edeb24e-1235-4744-b207-7c9b5856428f,0,Metrobank,['Login/Authentication']
3ee4c12f-2413-4d46-bf60-89f6c17b37f0,0,Metrobank,['Uncategorized']
3f172194-6550-4502-9a04-e0d3f94dc5b8,0,Metrobank,['Uncategorized']
3f5a8501-8a76-4d10-a6b8-885692fee424,0,Metrobank,"['App Stability']"
3f6d18f4-e092-47a9-b84e-349b9ef36649,0,Metrobank,['Uncategorized']
3f7165ca-80b7-45b2-9db4-8d1776fd52ae,0,Metrobank,['Performance']
3f88a24a-109f-41fe-8f73-7c9120c40e66,0,Metrobank,['Uncategorized']
3f8c50d0-2398-4e25-9e88-0bb6d4e8a66d,0,Metrobank,"['App Stability']"
3fa47446-a4c1-4d5e-8e22-5dab594c34b2,0,Metrobank,['Uncategorized']
3fba593a-39f4-463b-adbf-9d13d681ddf3,0,Metrobank,"['App Stability']"
3fe1ce55-fa85-452a-bff6-afc458f4d076,0,Metrobank,"['App Stability', 'Performance']"
3ff1ff20-ef91-4a2b-b028-836b3be9720a,0,Metrobank,['Login/Authentication']
40009237-a353-46c2-a6ab-94de5e92929f,0,Metrobank,['Login/Authentication']
40097a13-27a9-4247-8c39-e5d3836b6e31,0,Metrobank,"['App Stability']"
4041998c-eaa7-4926-805f-12b7053142c5,0,Metrobank,"['App Stability']"
404e8a44-0e4d-48f0-b7ad-825f915d5058,0,Metrobank,['Performance']
40a04044-54c3-4b7c-a090-ac63fa639da2,0,Metrobank,['Uncategorized']
40a61678-34ed-4a7c-8609-d5ec03733c0c,0,Metrobank,['Uncategorized']
40e108bc-8606-44cf-beab-6f815ef18865,0,Metrobank,"['App Stability']"
40e99213-98fc-4116-abb1-08a6a0378fbf,0,Metrobank,['Login/Authentication']
40ee72e3-166d-4bc0-82f9-20f8e3173da0,0,Metrobank,"['Login/Authentication', 'Performance']"
41001a7e-cdcc-4498-a800-243a2dd1a5a4,0,Metrobank,['Uncategorized']
411f6cba-fdc9-4f64-9390-87491ac0270a,0,Metrobank,['Login/Authentication']
411ff551-5b7c-419c-b241-4dac24438070,0,Metrobank,"['Login/Authentication', 'Performance']"
412329af-466c-4c1b-8787-1cc274da9c30,0,Metrobank,['Uncategorized']
412810e0-a6d1-4204-ba40-ddc6b3344e59,0,Metrobank,['Uncategorized']
4130a766-b974-43a3-ba55-bed14241decd,0,Metrobank,"['App Stability']"
416743b8-72e9-4f02-92e6-6a20c33e3682,0,Metrobank,['Performance']
41709957-1f39-42dc-b454-b53ecb843cbc,0,Metrobank,['Performance']
4172c034-55c0-4838-b593-1bea71d39413,0,Metrobank,"['Login/Authentication', 'Performance']"
4183ce84-7251-4d0d-a4da-5dc4af5067d2,0,Metrobank,['Uncategorized']
41a1672f-f6b5-4a66-9fcb-8ef5300923c7,0,Metrobank,['Uncategorized']
41a18885-5979-4575-baa1-7ff22590d9a1,0,Metrobank,"['App Stability']"
41b79842-f22f-4402-8d98-5ef2bf0b93ca,0,Metrobank,['Uncategorized']
41da315c-09ac-42a5-92da-3212fb710ed6,0,Metrobank,['Uncategorized']
41ff0b09-d4f6-4fe9-aed7-e4db7c08b908,0,Metrobank,['Uncategorized']
420743ed-8563-4f0e-bac5-430191813cba,0,Metrobank,['Uncategorized']
422c9844-8a88-4b31-baba-b0b16c9fc834,0,Metrobank,['Uncategorized']
4245ab33-146b-4a56-a3c3-f0ffaf2236c1,0,Metrobank,['Uncategorized']
424e082e-a157-47ed-a5c0-5e14ffa20628,0,Metrobank,['Performance']
42568643-1c11-491e-aad2-710f5d7901a5,0,Metrobank,"['App Stability', 'Performance']"
4266d975-e614-43b0-b4fe-0422f0e310ed,0,Metrobank,['Uncategorized']
42761486-4301-4cd1-a7ed-dc3698ec2776,0,Metrobank,['Uncategorized']
42859e2f-08a7-47f3-8e7f-8f0d27b144b8,0,Metrobank,"['App Stability']"
428b26fa-5e3d-4f18-af5f-55f75b5957ae,0,Metrobank,['Performance']
42960404-0c04-40ad-a875-7e4f9c75abdc,0,Metrobank,['Uncategorized']
42adf869-7cde-4339-ae8c-035f806235e7,0,Metrobank,['Performance']
42d57126-8059-4ef4-8200-fcb39285fbcd,0,Metrobank,['Uncategorized']
42f44a5e-d980-4433-a085-6d6c3a7d0d50,0,Metrobank,['Uncategorized']
43231f8e-8280-4e75-986a-729fccabd253,0,Metrobank,"['App Stability']"
432aaf20-1c57-4fdf-a4d5-e4d7fd471524,0,Metrobank,['Uncategorized']
43583a8e-606a-4f9f-99f4-3fcada705399,0,Metrobank,"['App Stability']"
43727db4-47c4-41a1-a537-dc50978b9542,0,Metrobank,['Performance']
43794074-ae58-4faf-9b42-f272f42e9238,0,Metrobank,['Uncategorized']
437e85d4-c0f4-4c91-a206-f3655def971a,0,Metrobank,['Performance']
43808715-3f06-44ef-85a5-e0a9b84388f7,0,Metrobank,"['App Stability']"
43b98119-2b95-410a-bdc2-aa85682b2e51,0,Metrobank,['Uncategorized']
43c6bbcb-8ae1-45e3-9ad6-4dd77442fb6e,0,Metrobank,['Performance']
43cdbfe7-9ada-47a2-a085-a5c4d45bf33f,0,Metrobank,"['Login/Authentication', 'Performance']"
43d7b75f-7a65-4c8c-825a-302f5b9a2af9,0,Metrobank,['Uncategorized']
43e7f920-45b3-4e05-89f1-5881c26a9201,0,Metrobank,['Performance']
43f40df9-9b2f-4350-91f3-f51611ec29e8,0,Metrobank,"['App Stability']"
44270944-fcfe-42ad-a1e2-7aed6d46182b,0,Metrobank,"['App Stability']"
443b7084-f98e-4dee-b9cd-33db3e79dc71,0,Metrobank,['Uncategorized']
446b9bdf-199d-46b9-a343-33a87545fe23,0,Metrobank,['Uncategorized']
447dcc70-5c6e-4301-934e-f7e331dacccd,0,Metrobank,['Performance']
44980ea1-4486-462c-9e74-7475d370cb84,0,Metrobank,['Uncategorized']
44a815d7-431c-469f-971a-54a9f079a49f,0,Metrobank,['Uncategorized']
44a8e4ac-ad5c-4d9d-9418-7e5c82f5c474,0,Metrobank,['Uncategorized']
44bc7aee-5a8b-4928-acc9-07e1bbcc7602,0,Metrobank,['Performance']
44ec087c-40da-4987-a78b-e8d66401920b,0,Metrobank,['Uncategorized']
44f7e10f-67df-4a5a-a22e-4c34136d6c85,0,Metrobank,['Uncategorized']
450b4d65-bd58-4092-9109-e9954dcabf51,0,Metrobank,"['App Stability']"
4522dbcc-f8dd-42f9-ae3d-0d05f0942b2c,0,Metrobank,['Performance']
4531c3d5-cce3-4cb8-b18a-f29935b3088c,0,Metrobank,['Performance']
45333d87-8d07-452a-a24c-0a3c9d0294ab,0,Metrobank,['Login/Authentication']
45426694-11b6-4c4a-877c-b21b2411a339,0,Metrobank,['Uncategorized']
4552d261-51ed-4cca-b31c-47b530692d4e,0,Metrobank,"['Login/Authentication', 'App Stability', 'Performance']"
4593459f-b74e-42ce-b122-21c946afd4f8,0,Metrobank,['Login/Authentication']
45bf4b57-83df-40d9-aa61-deb2cd6e233b,0,Metrobank,['Uncategorized']
45bfa61d-569d-48e7-85e8-5283353892d2,0,Metrobank,"['Login/Authentication', 'Performance']"
45c58535-f222-4d27-961a-e04015998875,0,Metrobank,['Uncategorized']
465a5e07-109e-4768-bab3-1b20fc24cb3d,0,Metrobank,['Performance']
467bc499-9b2c-45dd-8590-75a67906570b,0,Metrobank,['Performance']
46af32f9-95fd-4f2f-8337-6f99bfd404a3,0,Metrobank,['Uncategorized']
46dbdcc1-e107-4860-ac9d-e041b3bdf3ad,0,Metrobank,['Performance']
46dd2994-4dfc-4ede-963d-52980ff1648b,0,Metrobank,['Login/Authentication']
46feb3ec-b8ea-43f2-a999-e8360c847ae3,0,Metrobank,['Uncategorized']
474f6839-c50b-4f18-9496-bb1bd0b66eb8,0,Metrobank,['Performance']
475b9871-00c4-474b-a37a-65a7dbe5324b,0,Metrobank,"['Login/Authentication', 'App Stability']"
478dd24d-2f2e-402e-9a4d-75d0f17082b9,0,Metrobank,['Uncategorized']
4795e5b0-b98c-4fa7-bc2a-4c20fd72a544,0,Metrobank,['Uncategorized']
47bb12cf-cba1-4542-8dce-b54fdb4e402a,0,Metrobank,['Performance']
47c5b45a-2af0-4962-9d22-28181090c83a,0,Metrobank,['Performance']
47d15f6a-3076-41f1-a9e7-92dc6cb060b5,0,Metrobank,"['App Stability']"
47f3582e-decb-46df-ab06-3fc058619ac2,0,Metrobank,"['App Stability']"
487a99c7-58ce-442c-aaa8-71efafc9791d,0,Metrobank,"['Login/Authentication', 'Performance']"
48bf4b7e-9fe1-4d18-9404-fa3f0407f1ee,0,Metrobank,['Performance']
48c1a0d0-5019-4e2d-94be-83079bcf595e,0,Metrobank,['Uncategorized']
48d662a2-a7e7-4f97-b43e-0f723e991bbd,0,Metrobank,['Uncategorized']
48dcff73-9a0c-40c9-94df-15e636f8dc31,0,Metrobank,['Uncategorized']
48f57faa-c8cb-4701-81dc-00bdf05ed27e,0,Metrobank,['Performance']
48fcf42c-ed06-408a-bc4b-5dcc154f9134,0,Metrobank,['Performance']
4929232f-3529-4a3c-8503-1d4132e26e52,0,Metrobank,['Uncategorized']
49300e1f-8cb9-484f-a234-0c6835b4ec91,0,Metrobank,['Performance']
4932e128-4007-4eb8-8144-ab2e86f0a0e4,0,Metrobank,"['Customer Service']"
495a3377-c704-4761-9ead-3fda0de914fc,0,Metrobank,['Uncategorized']
49a9576a-9163-4ea5-b263-71d98bb9f5f4,0,Metrobank,['Uncategorized']
49d9dad8-22bd-4b21-86bb-bec0004fae58,0,Metrobank,['Uncategorized']
4a0d8af1-024f-4a3c-99cd-65907cdb474d,0,Metrobank,"['App Stability', 'Performance']"
4a217e6c-781a-4dde-9348-f515dafaa1d0,0,Metrobank,"['App Stability']"
4a25e2ac-87b7-4fb1-8959-a550bf67f8df,0,Metrobank,['Performance']
4a59963f-69bc-4aa5-97cc-4ba38988c5af,0,Metrobank,"['App Stability']"
4a59d062-9e2c-4a6e-81b3-cacc321d75fb,0,Metrobank,['Uncategorized']
4a94f124-3316-4b87-a7b6-cd403ed85953,0,Metrobank,['Login/Authentication']
4ad8bec5-6da4-4c30-9245-33786909decb,0,Metrobank,"['Transaction Failures']"
4b19220c-7789-40a5-b36f-d4721a7fc9da,0,Metrobank,['Uncategorized']
4b4c054c-7563-403c-836f-2801ed5688db,0,Metrobank,['Uncategorized']
4b617277-c0e6-4451-aab6-599d43348fcd,0,Metrobank,['Login/Authentication']
4b73fa83-4645-4f0d-b42f-3bd4b1b9dc46,0,Metrobank,['Performance']
4b8da8a7-909f-4d52-8b96-7cc87bf50841,0,Metrobank,"['App Stability', 'Performance']"
4bb3a839-81e0-43fc-a803-82a09ff0c0e8,0,Metrobank,['Uncategorized']
4bb593c6-0c67-428d-8bf2-903bdf79b292,0,Metrobank,['Uncategorized']
4bbb2c97-d0b4-4322-b603-b0a9521c18b3,0,Metrobank,['Uncategorized']
4bc7e1fb-ad43-44fc-95f7-f207a87be2cf,0,Metrobank,['Uncategorized']
4bcb91af-0b70-480c-a6e6-eee13f52e7e7,0,Metrobank,"['Login/Authentication', 'Performance']"
4bde9592-04c2-4b52-90d9-2b8ffd2699ed,0,Metrobank,"['App Stability']"
4be8a24f-e9a0-4ac0-8501-970f9216250f,0,Metrobank,"['App Stability']"
4bf3601e-51d4-4404-b8eb-11dd63b43f53,0,Metrobank,['Uncategorized']
4bf73c75-ab88-4e34-988b-1033850c3bb4,0,Metrobank,['Uncategorized']
4c1af4a4-50a7-4662-aef4-87e43629fb82,0,Metrobank,"['App Stability']"
4c2d435c-cef1-4298-87de-016b858997fe,0,Metrobank,['Uncategorized']
4c7567bb-4939-435d-937d-7e148dcd5b05,0,Metrobank,['Uncategorized']
4c79dcd7-535d-4c60-96b0-660506cc3dda,0,Metrobank,['Performance']
4c9e30ae-b003-4f0e-92b5-80af535aedc0,0,Metrobank,['Performance']
4ccd1f7b-5f4e-4df5-a7b2-7afbc20df7ed,0,Metrobank,['Performance']
4ce881f1-9536-42ed-80c6-85d565faccde,0,Metrobank,['Uncategorized']
4cfabaf2-30bb-49ae-b04e-24088b481198,0,Metrobank,['Performance']
4d29c9a1-e790-458a-95a3-b98889985791,0,Metrobank,['Uncategorized']
4d3330b2-2c95-4762-ac12-02dbd6586d8e,0,Metrobank,['Uncategorized']
4d416e84-c6fa-4b22-bdde-e930fc6ae5e0,0,Metrobank,"['App Stability']"
4d84d477-7f15-4752-9a09-0422ab31f642,0,Metrobank,"['App Stability']"
4d879207-dccc-4165-b656-9e53420d32f4,0,Metrobank,['Performance']
4d882109-0814-4711-bea6-9a8f49851021,0,Metrobank,['Login/Authentication']
4d893010-c654-40c3-8659-b68a52d28720,0,Metrobank,['Uncategorized']
4d8f216b-0d38-483b-87b2-dbed6289f985,0,Metrobank,['Uncategorized']
4d9540e1-3355-40ab-837f-8256c7f38763,0,Metrobank,['Uncategorized']
4dd07093-52de-42a3-8d83-1a27dc102c82,0,Metrobank,"['App Stability', 'Performance']"
4de3ccdf-cbb1-4880-8c8c-90a0ab09dbac,0,Metrobank,['Performance']
4de6ba46-68f2-44ef-b865-912ae7df1e1f,0,Metrobank,['Uncategorized']
4ded3de8-a999-4d29-a5a1-24858b9ce45e,0,Metrobank,"['App Stability', 'Performance']"
4df16f05-d443-473e-8c3c-60b58d13a52e,0,Metrobank,['Uncategorized']
4e1878b6-7f0b-407b-b17c-f0b72a65db8d,0,Metrobank,['Uncategorized']
4e33300a-7f5c-4956-b16d-d1ab3c4fd063,0,Metrobank,"['App Stability']"
4ec40034-c1a4-4552-a1b1-8534736378d0,0,Metrobank,['Uncategorized']
4f08b765-a15c-4aa3-b06f-6c93601169bb,0,Metrobank,['Uncategorized']
4f345c97-b50c-40bd-b6d8-c849f337aea6,0,Metrobank,['Uncategorized']
4f3d03b6-c3f0-4cc4-98c0-b71004bea943,0,Metrobank,['Uncategorized']
4f40f296-f158-4f34-b2f2-6b395893ab95,0,Metrobank,['Uncategorized']
4f49545e-3424-4dce-bcae-b3ada27a4e11,0,Metrobank,['Performance']
4f6f5c71-ed14-4e9e-b047-e18dbf14bbec,0,Metrobank,['Uncategorized']
4f8ffe2e-8398-4301-b6ed-a2f0df1cc80b,0,Metrobank,"['App Stability', 'Performance']"
4fa6741d-1006-4cbc-99ea-a1e9ac7d0abd,0,Metrobank,['Login/Authentication']
4fb8ce11-987a-45b4-a9d7-7ee267841330,0,Metrobank,"['Login/Authentication', 'App Stability']"
4fcc71e7-250b-43e9-81f6-1971b5b8de1e,0,Metrobank,['Uncategorized']
4fd23040-0831-4195-b6b8-97dc639bbe73,0,Metrobank,"['App Stability']"
4fdacc2d-4cfe-4bc3-b37f-a7ff3ce5ac4b,0,Metrobank,['Uncategorized']
4fe47fd7-bb9d-427f-b932-30fe1f58f030,0,Metrobank,['Uncategorized']
4fe599c6-93e6-4cb5-a259-dcfb31c4b67b,0,Metrobank,"['Login/Authentication', 'App Stability']"
4ff10225-e35c-40cc-af6f-f5db4b155069,0,Metrobank,['Uncategorized']
50002c6a-382f-4d9d-805c-ac12cfa34c99,0,Metrobank,['Login/Authentication']
5008e9dc-b872-4829-a3a5-5af10bb3e1b9,0,Metrobank,['Uncategorized']
50177f43-14b0-4ab2-9ca6-a75ffa8cba0a,0,Metrobank,"['Customer Service']"
5023f635-e60e-4fd7-8c07-56e8c737e17d,0,Metrobank,"['Transaction Failures']"
502f8e0c-5955-4f26-91af-74379f3c2f06,0,Metrobank,['Uncategorized']
50810218-4fd5-4492-9643-a0c0e278d1bb,0,Metrobank,['Performance']
50882e33-4852-420e-926f-b265633371da,0,Metrobank,['Performance']
50c37816-a023-43c3-8efd-f378e89f51ec,0,Metrobank,['Performance']
50f65ab1-bea3-465c-acdc-044178b7ec9a,0,Metrobank,"['App Stability']"
510a1c7f-e035-41e7-9bbd-4154d6050eee,0,Metrobank,['Login/Authentication']
510ad0b1-2769-4342-b8da-12cfcd7cc263,0,Metrobank,['Uncategorized']
5133681a-b02d-4d6c-ab04-4f512467adae,0,Metrobank,['Performance']
513c8fac-1cc3-4a5d-bcac-ab7a21f1f47b,0,Metrobank,['Uncategorized']
514daeb9-0200-4b35-bf57-6f886b29a398,0,Metrobank,['Uncategorized']
5155b954-7e76-4abc-b97c-193a1b1efbed,0,Metrobank,['Uncategorized']
515b3f4f-d62a-485c-bc40-1fbb52f2bca9,0,Metrobank,['Uncategorized']
51a0476d-18c8-4799-9e33-c27cb221874f,0,Metrobank,"['App Stability']"
51b0fa34-8862-47a9-9c6e-e72d18d9798e,0,Metrobank,['Uncategorized']
51dac803-01da-4538-967f-c287b797d3de,0,Metrobank,['Performance']
522664f8-e52d-4eba-905e-d96384f93a00,0,Metrobank,"['Login/Authentication', 'Customer Service']"
5234059f-3a2c-4c56-9c58-65daffffeee6,0,Metrobank,['Uncategorized']
526b2b04-b7dd-44e4-8197-c7054ac5dc74,0,Metrobank,['Uncategorized']
527abca0-a110-427c-a09d-d45872f13bea,0,Metrobank,['Login/Authentication']
52883a89-60da-445b-a072-8c2ae22447a7,0,Metrobank,"['App Stability']"
52b40e1e-6633-46d8-9573-a69a50f6d15f,0,Metrobank,"['App Stability']"
52b88488-4fe6-419f-828e-842ac4345395,0,Metrobank,['Login/Authentication']
52be8597-f51b-4a76-a0f7-3c9e01524da7,0,Metrobank,['Performance']
52c5763f-f144-42ad-94fe-cd0242b146b7,0,Metrobank,"['App Stability', 'Performance']"
52f20afb-0838-4574-bd63-b30ebb37dda3,0,Metrobank,['Uncategorized']
52f9b75e-82d8-419e-b9e6-625ef03f8582,0,Metrobank,['Performance']
52f9d268-573a-4d45-83d9-47033c1894c6,0,Metrobank,['Uncategorized']
5349cf97-36f6-4c0a-afbd-db07eb347521,0,Metrobank,"['App Stability']"
5374d355-39a7-4a9e-8260-43eb1a6d579e,0,Metrobank,['Uncategorized']
5382c56e-f064-4123-a5a7-bafcb285343f,0,Metrobank,"['App Stability']"
53a177f9-05bd-4ca1-872f-43d7dbd41c93,0,Metrobank,['Uncategorized']
53cb673c-4b94-4ce2-b7e2-7a86bf93f894,0,Metrobank,['Login/Authentication']
53d576f9-5ddd-41f4-ae52-0efb3d4b98ea,0,Metrobank,['Uncategorized']
53e4745c-136b-47c6-ad53-dcb3bb2ffb12,0,Metrobank,['Performance']
53faa2e1-5464-4d8b-b7a4-198c3b3af696,0,Metrobank,['Login/Authentication']
540844bf-f4eb-4db8-9918-c18a58d4270b,0,Metrobank,['Uncategorized']
5498988e-7450-442f-8608-46d92efdb07f,0,Metrobank,"['Login/Authentication', 'Performance']"
54a359d0-cafd-44fb-9b1b-74cf5f865208,0,Metrobank,"['Login/Authentication', 'Transaction Failures']"
54dba9ee-4257-45ba-9ef2-cd680bc532f3,0,Metrobank,"['App Stability']"
55689fda-d54b-4b51-92cb-175318aa25ea,0,Metrobank,['Performance']
5582f8f1-8fa6-4375-8ed0-c189abfb2494,0,Metrobank,['Uncategorized']
55f1d86d-d99b-4459-b605-4ef8f8226425,0,Metrobank,"['App Stability']"
560a341d-2683-4fc0-a152-00bed1c10c72,0,Metrobank,"['App Stability', 'Performance']"
56374d6c-47c1-4b80-9944-7ea3b2f55268,0,Metrobank,['Uncategorized']
5637bd82-2547-4449-a5a2-11491be76830,0,Metrobank,['Uncategorized']
5645f373-9fdd-48fd-a597-0a0f282b6dcb,0,Metrobank,['Performance']
56556898-41bd-49e9-b78d-eb72efdf1c19,0,Metrobank,['Uncategorized']
568832ac-d3fa-454f-be80-f080baeb35e2,0,Metrobank,['Uncategorized']
56911dfc-9150-4bf5-83cf-f32e1f9b1edf,0,Metrobank,"['App Stability']"
569c1583-a618-4ae3-9076-a80bd2fcae63,0,Metrobank,['Uncategorized']
569ddbca-b3f7-44cf-b23b-b6c4ddf7f61f,0,Metrobank,['Performance']
572087a0-4700-4e40-afbd-4ce455a174d0,0,Metrobank,"['Transaction Failures']"
572d7e9a-bb5c-4fdf-87c2-046883d68b6f,0,Metrobank,['Uncategorized']
5737a436-9b4a-4505-bd88-7f23c28ef909,0,Metrobank,"['Transaction Failures']"
574c7f6a-4e92-4ab2-a0e8-5c8c76388782,0,Metrobank,"['Login/Authentication', 'App Stability']"
57548d21-d42e-4209-ac25-2c973d2d5d79,0,Metrobank,['Performance']
57908ffd-6a26-4acc-8900-3f58978abd56,0,Metrobank,['Uncategorized']
57d88aa1-833d-4165-bb1e-dd92b4252a14,0,Metrobank,['Uncategorized']
57e37614-54bf-4a68-8d29-429caa7e2316,0,Metrobank,['Uncategorized']
57e5d60a-8b52-40a0-ba71-6117c0db7eb1,0,Metrobank,['Uncategorized']
57f73866-3dc8-40e7-8d13-c6bd429256c9,0,Metrobank,['Uncategorized']
580882bc-ccea-4bd1-9bd5-047e9b7fc8a1,0,Metrobank,"['Login/Authentication', 'Performance']"
58146e5f-714a-4a4b-bd53-3c2cd77f4f8d,0,Metrobank,"['App Stability']"
58186aed-c849-4762-bfeb-4c9013f478c5,0,Metrobank,['Login/Authentication']
5874891e-926a-4b25-8045-1eae86601b0b,0,Metrobank,['Performance']
587f5d34-1f0e-4c0e-ae5c-2dcce48f9715,0,Metrobank,['Uncategorized']
5894b6cc-49cb-405b-a3fd-a47b2029755e,0,Metrobank,['Uncategorized']
589d41f4-1484-4f71-ba76-6d99d8fdb23b,0,Metrobank,['Uncategorized']
58be168c-1c3b-456a-8f20-b3dd77e0fc38,0,Metrobank,"['Login/Authentication', 'Performance']"
58cacdf5-6485-4289-afc4-2fa659c42d20,0,Metrobank,['Uncategorized']
5903b029-bb8e-4d1a-9eba-ab0eae8d43c9,0,Metrobank,['Uncategorized']
591b92df-03ce-4e37-a14c-f3787bce0d01,0,Metrobank,['Uncategorized']
59548cf9-9dcb-4dc0-81b1-aff97d230364,0,Metrobank,['Performance']
597f29c5-df86-4ccd-bc8b-26008a61b755,0,Metrobank,['Performance']
59c2b22c-693a-4599-b39c-02afad058f71,0,Metrobank,"['Transaction Failures']"
59d69682-11cd-4de2-a9e4-aa9335a3afa1,0,Metrobank,"['App Stability', 'Performance']"
59f6497d-098d-4c77-9437-ff6c81581c3e,0,Metrobank,['Performance']
5a07355a-981d-408e-b542-429e1a901c12,0,Metrobank,['Login/Authentication']
5a35740d-b426-4155-b1f7-a5fbd9e1b43c,0,Metrobank,"['Transaction Failures']"
5a4705ae-a84b-43ac-90da-44426cfcfba7,0,Metrobank,['Uncategorized']
5a64fde6-8b3c-48ae-ac18-651fd2d547e3,0,Metrobank,['Uncategorized']
5a7cafdc-eff9-44cd-925e-85555897afb3,0,Metrobank,['Login/Authentication']
5a7d9715-f926-4421-ae55-c7036b73fe76,0,Metrobank,['Performance']
5a8ae53c-f53b-409f-8ab0-69e66b011744,0,Metrobank,['Uncategorized']
5a96116a-203a-4147-bf03-eb7644f207b5,0,Metrobank,['Uncategorized']
5aacb794-f821-4153-8b71-f3996071bd2f,0,Metrobank,['Uncategorized']
5acfed43-7d2b-411b-8a9d-304933965eb8,0,Metrobank,"['App Stability']"
5ad3faed-37da-49af-b7f9-e0df6b34cbc4,0,Metrobank,['Uncategorized']
5aff6f73-d1e8-44cd-9edc-7ea82c8fb892,0,Metrobank,"['App Stability']"
5b420750-bd56-4851-a809-ea3839cec161,0,Metrobank,['Login/Authentication']
5b4a77f7-f2b1-4708-8cf9-6cb8cbd41321,0,Metrobank,['Uncategorized']
5b510d81-009c-4c37-be93-6fbdfb17b215,0,Metrobank,['Uncategorized']
5b76a329-5be7-4ea2-9068-4c56789e9827,0,Metrobank,['Uncategorized']
5b7e678a-2d2b-4d82-8cb4-d48f4e0617ae,0,Metrobank,['Uncategorized']
5b98816d-19fb-4dc5-a1e5-739db57df56d,0,Metrobank,"['App Stability']"
5bb63a9e-b726-415c-95a9-5d105167c8f5,0,Metrobank,['Performance']
5bb9158c-9eb8-45eb-a6ee-e7249766d0a3,0,Metrobank,"['App Stability']"
5bc5ad55-24cf-4e38-a8b0-3529f4de2fe4,0,Metrobank,['Uncategorized']
5bd9cae5-7dd6-404b-aaf0-de7e8682eb29,0,Metrobank,"['App Stability']"
5bdc2147-eaac-412f-987a-71667c447722,0,Metrobank,"['Login/Authentication', 'App Stability', 'Performance']"
5bf75344-272e-4299-bd19-7418473512a4,0,Metrobank,['Performance']
5c050c06-f1b9-439a-b55a-f3265ce1fa3f,0,Metrobank,"['Login/Authentication', 'Performance']"
5c564308-ba5d-4842-9b39-5e4a0017e807,0,Metrobank,['Login/Authentication']
5c5ac35a-0f60-4d92-bb71-831e668b2d49,0,Metrobank,['Login/Authentication']
5c67eba1-d799-4670-97ec-133dd97d9fa2,0,Metrobank,"['Login/Authentication', 'Performance']"
5c881a27-6170-4fc0-aaeb-5d10b3d7b1d0,0,Metrobank,['Login/Authentication']
5cae2ce1-1e08-47d9-a3f0-1c778dfa17e9,0,Metrobank,['Uncategorized']
5cd3b953-d8e3-41b3-8bdf-0e4d20d92e07,0,Metrobank,"['App Stability']"
5cdfff59-1c3b-4044-97ec-23aa21182247,0,Metrobank,['Uncategorized']
5ce30dc9-7bc2-4b9c-b8d5-d0971747fe77,0,Metrobank,['Performance']
5cf949f9-b167-4821-ae9e-83426d07f7aa,0,Metrobank,['Uncategorized']
5d159fac-4cc0-4a4e-8783-c0d9e97e3450,0,Metrobank,['Login/Authentication']
5d330aae-7c1b-421b-925d-09108a203197,0,Metrobank,"['App Stability']"
5d5c8ada-977a-42a1-aa38-eb088f27b78d,0,Metrobank,['Performance']
5d6b9e78-509e-4c52-91d2-07220c078e68,0,Metrobank,['Performance']
5dbee5c3-7881-4999-905f-f2c5d9190296,0,Metrobank,['Uncategorized']
5dd59e2e-c3ca-4da5-89ce-077f1f2866b1,0,Metrobank,['Performance']
5dd8ab78-9277-4e92-859b-2627f0a341f6,0,Metrobank,"['App Stability']"
5dff6e5c-0e02-41a7-bcd5-78ca17edbab5,0,Metrobank,['Uncategorized']
5ec01286-e013-4ab3-8501-516b913f565d,0,Metrobank,"['App Stability']"
5edb237b-09fb-4ea2-ba0f-82c016f7254b,0,Metrobank,"['App Stability']"
5ee25bb6-6ed9-40a7-8c7d-23331ebab5f8,0,Metrobank,['Uncategorized']
5ef24f34-5886-4635-b6d6-b2fe41d97de1,0,Metrobank,['Uncategorized']
5fa1e920-6c71-452e-9112-9360d388f78a,0,Metrobank,['Uncategorized']
5fbc03bb-29e2-4913-81cf-c656de2ddeb1,0,Metrobank,['Uncategorized']
6006c4c8-5911-4fce-9a71-5af5f0f4a543,0,Metrobank,['Login/Authentication']
603affd9-17c7-427d-8c0e-fd1f8f339955,0,Metrobank,['Login/Authentication']
606b1c76-b673-432c-a70a-6ec082ce3af8,0,Metrobank,['Uncategorized']
609282a0-dd58-4fbe-ae1c-18e3b44e44b2,0,Metrobank,['Uncategorized']
609d523a-d896-4790-9e8c-e3d8df15ad84,0,Metrobank,"['App Stability']"
60bf82c9-e669-4ffd-9a5d-b5b11bf95a99,0,Metrobank,['Uncategorized']
60c7868b-8cf6-42a8-906b-6ac385be4dff,0,Metrobank,['Login/Authentication']
60d9c700-132c-4e7a-85de-8bc5cd15fb5c,0,Metrobank,['Performance']
60dac0fe-0b9c-4a0d-a187-2359fca41af1,0,Metrobank,"['Performance', 'Transaction Failures']"
60fedcd3-8bd3-4f28-925d-b911f19cca77,0,Metrobank,['Uncategorized']
611195b3-7810-4a9c-b53c-4fcc0807ac17,0,Metrobank,"['Performance', 'Transaction Failures']"
616fc1d4-4276-4dd9-8426-9d5ea68c1d75,0,Metrobank,"['Login/Authentication', 'App Stability']"
61760e34-3a5b-4821-bcb3-50797e7dd8d7,0,Metrobank,['Uncategorized']
61817f18-2204-4b49-bf7b-7047fcc1050c,0,Metrobank,['Uncategorized']
620a52bd-ec50-4246-89e3-b01e8f6c387f,0,Metrobank,['Uncategorized']
62201b80-b54e-4452-bd56-7f871c2cd3fd,0,Metrobank,['Uncategorized']
623f5af7-aa56-4352-9a60-a440a1d15d79,0,Metrobank,['Uncategorized']
62589608-23fc-4c35-b675-1c96f7b158b5,0,Metrobank,['Uncategorized']
62a87b1e-cd47-4ce6-a25a-4d1436d5e092,0,Metrobank,['Uncategorized']
62c1713e-1ce2-41fe-ba36-6c3c472bd426,0,Metrobank,['Uncategorized']
631e5d44-acd3-4f41-b637-36fee5a66d1f,0,Metrobank,['Performance']
631e9fec-a0e0-4c08-b70b-4b9b3d3fb1c4,0,Metrobank,['Uncategorized']
6342faeb-1e6f-4986-96c4-2e6c58972b31,0,Metrobank,['Uncategorized']
634c47f2-3d14-4265-ae02-ec89fc6b9b3a,0,Metrobank,['Uncategorized']
634d5038-570b-4835-a334-8977f933e17f,0,Metrobank,['Uncategorized']
6353c25b-133a-4dad-8155-2cad94cd3b01,0,Metrobank,['Login/Authentication']
63571832-dad2-476f-bc37-cce3aef88e03,0,Metrobank,"['Login/Authentication', 'Performance']"
6384146f-2487-43e6-9293-1323ff142677,0,Metrobank,"['Performance', 'Transaction Failures']"
63bef54f-f408-4e07-8550-1c54a1a2080b,0,Metrobank,['Login/Authentication']
63c3e023-1340-4bcd-9e8c-1df62dd78389,0,Metrobank,"['App Stability', 'Customer Service']"
64024a2a-0057-42f2-8707-b6369022bdc3,0,Metrobank,['Login/Authentication']
642d5d1a-3ce8-4219-b9f2-af4acaeb7b75,0,Metrobank,['Performance']
642dde6b-8652-45a3-93a0-75931c6ec4fa,0,Metrobank,['Uncategorized']
6449ff6e-555f-4910-9133-d2e8941351fd,0,Metrobank,['Performance']
645548d3-418f-4111-a3dc-ab2d12f8cf78,0,Metrobank,"['App Stability']"
6468f1fb-338e-4707-b079-7413aefcbc29,0,Metrobank,['Performance']
64744b52-5a65-420a-b2b1-f90a82dde0cb,0,Metrobank,"['Transaction Failures']"
64a46a1c-d77a-4ab8-94b6-9f1a8fb07d1d,0,Metrobank,"['App Stability']"
64c4c48b-bc51-457c-97e2-5e0b2569eaa7,0,Metrobank,"['App Stability']"
64c7a73e-e93e-448f-9d73-fb33620327ab,0,Metrobank,['Performance']
651b355c-ae72-44f9-add0-7f428c8a1129,0,Metrobank,"['Login/Authentication', 'App Stability']"
65216e32-97e8-4f04-8727-c3d4a6100dd2,0,Metrobank,['Uncategorized']
65257d8d-0ee1-4042-ab56-9a72d2717fdf,0,Metrobank,"['App Stability']"
65311810-0638-4d7f-a5e7-a2610c8c96cf,0,Metrobank,['Uncategorized']
65594843-8f94-4a71-92ba-3abd27bb2d39,0,Metrobank,['Uncategorized']
655ec014-fadc-4e60-9e91-f3f8e0856d78,0,Metrobank,['Uncategorized']
6562e5fd-97ac-42f7-a319-edeea97bce41,0,Metrobank,['Uncategorized']
6570b8ef-3516-469d-b8be-75383dd0c1c9,0,Metrobank,['Uncategorized']
6580ed33-c87a-4d16-bc62-574a04c97b9e,0,Metrobank,['Uncategorized']
65cb2f7f-dc98-4b71-b861-8ca602a53903,0,Metrobank,['Performance']
65dd5336-1cf9-4e1c-ba1d-b44c46a27880,0,Metrobank,"['App Stability']"
66275ca7-816d-41e6-99a5-06610aa810f5,0,Metrobank,['Performance']
66315c35-9f8b-43e1-ba9a-eeaa1f353a92,0,Metrobank,['Performance']
66385ff7-91e7-46cf-ade7-f3fec2196744,0,Metrobank,"['App Stability']"
6677619a-9402-44e0-ab46-0c9007639260,0,Metrobank,['Uncategorized']
66b71274-9d9d-4e50-95fb-97ff344dac19,0,Metrobank,"['Login/Authentication', 'App Stability', 'Performance']"
66beb43e-eb02-4e3a-b4a1-372aa53d9ad6,0,Metrobank,"['Transaction Failures']"
66c776f3-81fc-4b08-a0e6-026e6f861806,0,Metrobank,"['App Stability']"
66cdac39-04e8-4920-8a4c-eabe6ec78021,0,Metrobank,"['App Stability', 'Performance']"
66d9f519-eb63-4c36-821f-a3cd8c41e342,0,Metrobank,['Login/Authentication']
66e4bb24-4389-4ae2-a7c3-d1effc150697,0,Metrobank,['Uncategorized']
67022b46-bf78-4e66-9bcf-b2d97c76303d,0,Metrobank,['Uncategorized']
672ffc82-2c18-4655-9c72-4a8d5decd3da,0,Metrobank,"['Transaction Failures']"
67388ed9-b432-4357-8c7d-214c15c5cae6,0,Metrobank,['Uncategorized']
67470fee-b314-46fe-a4d9-ee56b83cd3f7,0,Metrobank,['Performance']
675b389e-6dfa-4b58-aa28-5e36c0fd0a1c,0,Metrobank,"['App Stability']"
67670c80-7273-4e09-bcb7-dea35a4d6c87,0,Metrobank,"['App Stability', 'Performance']"
676f8ace-7771-45cf-9d84-aa4db3bce1b7,0,Metrobank,"['App Stability', 'Performance']"
677c5bd9-2c58-4f08-8021-6e34661209cd,0,Metrobank,['Login/Authentication']
6780e827-c9ec-46bb-b76f-c4fa04711efe,0,Metrobank,['Uncategorized']
67c28d16-5107-40c5-8241-f2da29b41768,0,Metrobank,['Login/Authentication']
67dfa32b-228c-410a-82f2-11bbf08c7352,0,Metrobank,['Performance']
67faf38a-94cd-4bbb-b749-f33dbfedb086,0,Metrobank,"['Login/Authentication', 'App Stability', 'Performance']"
685e59c4-23aa-4abd-9e64-f9abbf721f53,0,Metrobank,"['App Stability']"
687ef062-42dd-4ed0-9761-0da90889e4ee,0,Metrobank,['Uncategorized']
68c7b4f5-8939-4177-9f36-d740ba311d41,0,Metrobank,['Uncategorized']
68cc28db-fb63-438c-b890-2bcd96701887,0,Metrobank,"['App Stability', 'Performance']"
68d17ad6-9120-4434-b0b2-5f461450b38a,0,Metrobank,['Performance']
68d77b98-e6b2-4e29-bb68-375a189c9b73,0,Metrobank,"['App Stability']"
68f1b079-1418-49fe-8a58-f5e6ff79c6c7,0,Metrobank,"['App Stability']"
6936b505-806c-404b-bbe9-c004ebe9f04d,0,Metrobank,['Uncategorized']
69402164-92b3-4db5-8fd8-9060138b422c,0,Metrobank,['Uncategorized']
694054e4-9caf-4f5d-a279-914d8fe2bd90,0,Metrobank,['Uncategorized']
6947a018-06ad-4630-b3d6-c9fc36e634f8,0,Metrobank,['Uncategorized']
69554497-5542-469a-a545-340c05663096,0,Metrobank,['Performance']
698228fa-6412-4b01-9f2f-c3e0c64df5b2,0,Metrobank,['Performance']
6984a562-0b4d-4b2c-b8fd-bc6b416eaad8,0,Metrobank,['Uncategorized']
6a10630d-8128-4b28-8dbb-2c5c8bf4fa38,0,Metrobank,['Uncategorized']
6a3acd01-3a2c-4e3f-961c-7dd1e152cfa3,0,Metrobank,['Performance']
6a896dd7-8a2c-407a-8048-3d48b4d3c793,0,Metrobank,['Uncategorized']
6a8c3d8a-9add-4a21-b748-4fb33e27296d,0,Metrobank,['Uncategorized']
6a9b83e9-e582-4468-9284-f5c79b10915c,0,Metrobank,['Performance']
6aab14cd-60ed-410a-8a8e-7feb046d59b1,0,Metrobank,"['Login/Authentication', 'App Stability']"
6aac4cae-3b8f-4f35-9880-a7ad9515d848,0,Metrobank,"['App Stability']"
6abd8cfa-8f31-4bcd-8f50-be5dae06e473,0,Metrobank,['Uncategorized']
6ba46191-146f-4b20-a18c-5cfdca2bb1dc,0,Metrobank,['Uncategorized']
6bac810e-cbbe-425b-a7f2-e78701bba13e,0,Metrobank,['Uncategorized']
6be68f48-480d-4801-b01d-af1be0f18fba,0,Metrobank,['Performance']
6cdcff3a-3136-4334-9624-4f473ae32645,0,Metrobank,['Performance']
6ce85b64-bc91-4ee8-b550-4b74ff417cea,0,Metrobank,['Performance']
6d156651-cf1d-45c9-a091-af5eb2d68744,0,Metrobank,['Performance']
6d3df244-6a2d-423f-839a-4a803bf2b972,0,Metrobank,['Login/Authentication']
6d59166b-7bb9-429e-8347-acab3fe22696,0,Metrobank,['Uncategorized']
6d6bfdca-188b-4547-bfe3-690e774eb824,0,Metrobank,"['App Stability']"
6d7891e1-8850-43be-a6e1-5464d489ea42,0,Metrobank,['Performance']
6d90dd4b-2a68-44cc-bf43-b51c4c8f5479,0,Metrobank,"['App Stability']"
6d95ffef-4751-4a0e-95b3-24e7f17417ac,0,Metrobank,['Uncategorized']
6daf87f6-a39f-4dba-a75d-1024d12f864f,0,Metrobank,"['Login/Authentication', 'Performance']"
6de49c8b-fac6-4a54-a7df-8d87b661ff1d,0,Metrobank,"['App Stability']"
6e0018ab-e890-4723-9f52-26319b9f9c40,0,Metrobank,['Performance']
6e06f77b-993a-4908-ade3-1cafc3755dce,0,Metrobank,['Uncategorized']
6e086c41-bbab-47e7-8422-b1149e5b72e2,0,Metrobank,['Uncategorized']
6e3ef3c2-5392-4e0f-b958-62e636c46b4e,0,Metrobank,['Uncategorized']
6ea3378b-7bb2-40c0-9d6c-231b4b0dcce8,0,Metrobank,['Uncategorized']
6ed4e167-ed2e-4f33-9ae4-b6169747b6f9,0,Metrobank,['Uncategorized']
6ee1fbad-7a7d-4583-aa3c-b341a8fe1ffd,0,Metrobank,"['App Stability']"
6ef2df59-ed4d-46b2-ae8d-acd47a9fa170,0,Metrobank,['Login/Authentication']
6f327dc7-3aa3-45c1-b755-7c3707636e0d,0,Metrobank,"['Login/Authentication', 'App Stability']"
6f370008-6a2b-4bb4-b239-7a623738951d,0,Metrobank,['Performance']
6f48e8a9-e000-47b0-8b1e-d5b98b972572,0,Metrobank,['Uncategorized']
6f70c195-b1ec-48f2-8e02-6f71a73ba61b,0,Metrobank,['Performance']
6f8f4448-9e86-44b1-801e-345274a7c380,0,Metrobank,['Performance']
6f917507-9696-4b51-8e5c-e5b5761a22ce,0,Metrobank,['Uncategorized']
6f9f608b-729c-4c4c-a843-f8aa866a9eac,0,Metrobank,['Login/Authentication']
6fadac1b-a14b-4218-8434-0af18d9dad7b,0,Metrobank,['Login/Authentication']
6fd09d67-0242-4ce6-b098-504d10830149,0,Metrobank,"['App Stability']"
6fee3421-a8eb-442d-8935-2fe681f75bb7,0,Metrobank,['Uncategorized']
7001656f-fcd6-431e-8d13-811fd202557c,0,Metrobank,['Performance']
700b964b-e712-43f1-8014-751ce6074155,0,Metrobank,['Performance']
701ddb39-da0f-4acf-ba37-447f68cfc328,0,Metrobank,['Uncategorized']
70263809-8dd8-42d5-803d-3cd5a5ae38fa,0,Metrobank,"['App Stability', 'Performance']"
702fad55-e0a7-442a-910e-dafc19222105,0,Metrobank,['Uncategorized']
704410a7-c12f-4d7f-b6c5-642cc4cd5ca6,0,Metrobank,['Performance']
7049f50f-1880-4806-8432-3a7fa11fb5a4,0,Metrobank,['Uncategorized']
7071e695-66e9-4d9c-ae5d-9730179ed1fc,0,Metrobank,['Uncategorized']
709de052-f803-4a4d-b9fc-f085a029f4a1,0,Metrobank,['Performance']
70b0a7d7-fa4b-40e0-b1ad-8f5f967e42f3,0,Metrobank,['Login/Authentication']
70babdb7-4666-4743-8d78-2b9308ef0154,0,Metrobank,['Performance']
70c634f2-8b32-41a8-818c-b682ccbe580d,0,Metrobank,['Uncategorized']
712f9300-9f5b-45d4-8f5f-748eac452209,0,Metrobank,['Uncategorized']
715503f6-b536-4e82-b3a3-896c8cf5e756,0,Metrobank,['Uncategorized']
716778ee-5a8f-45a4-9de8-45f1f7c00054,0,Metrobank,"['Login/Authentication', 'Performance']"
716dd19f-a6d4-4a48-b276-28c807c4b6d3,0,Metrobank,"['Performance', 'Customer Service']"
71b38b55-f9f3-43b2-b7f0-14067d65632e,0,Metrobank,['Uncategorized']
71bd83b6-78d2-4782-8e4a-1805cdaa1009,0,Metrobank,['Performance']
71cab1d8-5586-45f9-bada-3cbb2e793239,0,Metrobank,['Uncategorized']
7201568b-c8d6-4275-835a-989ff522be7d,0,Metrobank,['Uncategorized']
726f28f9-9eec-48ad-926c-6f7b787aa6dc,0,Metrobank,['Uncategorized']
7272834d-13ef-4831-970d-d15443e4e3bf,0,Metrobank,['Performance']
72cf06f7-2d82-4b9f-bd12-dda0200c7e03,0,Metrobank,"['App Stability']"
732b00a9-653b-404b-a08d-0f5e34976b9b,0,Metrobank,['Uncategorized']
734cd59f-60fe-4bda-9da4-d6b895e37fdd,0,Metrobank,['Performance']
735ef025-5083-4a05-ab0a-5e02c781431f,0,Metrobank,"['Login/Authentication', 'App Stability']"
73ccc118-55e3-4952-928f-7617aa0e6f8a,0,Metrobank,"['App Stability', 'Performance']"
740902ac-69ff-4f1d-8710-f14b3d3a1f6f,0,Metrobank,"['App Stability']"
74272918-3d02-4cc9-9ad1-8287cb1849e6,0,Metrobank,"['App Stability', 'Performance']"
743be2e2-aeef-4c8e-b5e0-4a1f4403cf4f,0,Metrobank,['Login/Authentication']
7445e7a7-9e40-4d7e-9957-e3bd790ed44b,0,Metrobank,"['Transaction Failures']"
7492f6e2-f2c6-40cb-b86f-f659e6b7ba15,0,Metrobank,"['App Stability', 'Performance']"
74c3c831-7bf1-4159-8900-9027658f20c4,0,Metrobank,['Performance']
74f585b2-295f-4e51-8cba-01fb197942f9,0,Metrobank,['Uncategorized']
7532d51c-34f0-4aa7-8e1c-aa5ffe21501a,0,Metrobank,['Uncategorized']
75402271-7916-4bd4-9f36-2cf69985396e,0,Metrobank,['Performance']
754e3786-f0a4-4a34-800a-a3e67b5afe4a,0,Metrobank,['Uncategorized']
755d28fd-d9c2-4276-a89a-ddfdd6511a68,0,Metrobank,['Login/Authentication']
75c60773-4bf4-4dc5-86c4-1c5ae21a400a,0,Metrobank,['Uncategorized']
75db83cc-5f10-4672-9f3d-034c461bc361,0,Metrobank,"['App Stability', 'Performance']"
76205f41-e964-4e51-8e8f-b329dd0f68ff,0,Metrobank,['Uncategorized']
76279cc2-c5e5-43e6-8c99-ce0ec023839d,0,Metrobank,"['App Stability']"
76376460-f27e-4695-b30a-5f6a27be90de,0,Metrobank,['Uncategorized']
76832051-70cb-4e56-81b2-40780e594e60,0,Metrobank,['Login/Authentication']
768a2457-aeff-42da-925f-168944b0474f,0,Metrobank,"['Login/Authentication', 'Performance']"
76938e9d-aeed-48dd-aa0b-bc8e09da5d48,0,Metrobank,"['App Stability']"
769439d3-c4a8-42ca-a722-c0f0d9225d82,0,Metrobank,['Uncategorized']
769ccca5-1c9f-44b8-9180-e4ba8149e84f,0,Metrobank,['Uncategorized']
76b3e019-4ccc-4c46-a600-2dc75bafc968,0,Metrobank,['Performance']
76bd28f1-0cc3-447b-b2df-1522b2468c66,0,Metrobank,['Uncategorized']
76cd4382-919c-4f3f-8be0-1d161e03f1ad,0,Metrobank,['Uncategorized']
77300789-25ff-4208-82f2-3007d9083177,0,Metrobank,['Performance']
7731020e-a341-4f4f-8f51-a320e22b2a86,0,Metrobank,['Uncategorized']
774585f4-9486-4336-a6e6-e48485d4aba4,0,Metrobank,"['Login/Authentication', 'App Stability', 'Performance', 'Customer Service']"
77579828-36ad-4c8a-99f2-3fda8c171696,0,Metrobank,['Login/Authentication']
7763c633-6115-4a48-a9bf-f7ac5fc23a57,0,Metrobank,['Uncategorized']
77662a0a-5540-4288-907e-412bdd1373a0,0,Metrobank,['Uncategorized']
7777251d-497a-4b7e-9a1f-e0322c71459e,0,Metrobank,['Uncategorized']
77919dd3-40f9-400f-b707-506c14c3618f,0,Metrobank,"['Login/Authentication', 'App Stability']"
7792e467-96b6-42a4-a458-346e6fbf7e72,0,Metrobank,"['App Stability', 'Performance']"
7792f6c5-584b-4eef-af5d-90b0fd1a4062,0,Metrobank,['Uncategorized']
77a31a06-aeae-41a0-b297-791028a8ca0a,0,Metrobank,"['App Stability', 'Performance']"
77c97786-8e80-4a37-8f3f-cb024ebaa016,0,Metrobank,['Login/Authentication']
77d08bba-8c92-44b0-ab72-dfee6e62f382,0,Metrobank,"['Performance', 'Transaction Failures']"
77dcec79-a3d6-4328-a677-feb689e3b373,0,Metrobank,"['App Stability', 'Transaction Failures']"
77e2dcf8-0a4b-4067-b6d1-536d94f55ed3,0,Metrobank,['Uncategorized']
77ef36b6-ed75-4257-ab9a-a5d0fdff6e49,0,Metrobank,['Performance']
77fa5ff7-94b3-48d2-944b-be6c819aa931,0,Metrobank,"['App Stability']"
77fc1b4e-a5f9-4e5e-a30e-132c27e01eb3,0,Metrobank,['Uncategorized']
77febe6d-cd74-4d50-980e-eb690dc7954b,0,Metrobank,"['Login/Authentication', 'App Stability']"
78010e1b-1e13-4531-9b0d-f955cf2bbb15,0,Metrobank,['Login/Authentication']
7809b04f-bad1-46b5-9223-01248fb5ffe1,0,Metrobank,"['App Stability']"
78309ac0-b5f8-4007-9bbf-97b9a670161a,0,Metrobank,['Uncategorized']
7834d701-07b1-40e8-b9b8-38cdb56f04bf,0,Metrobank,"['App Stability']"
7835889e-77d6-44ac-8f0e-83ddc8d68049,0,Metrobank,"['App Stability', 'Performance']"
784f6599-07fb-4da4-a964-34d64c9ddb49,0,Metrobank,['Uncategorized']
785a0b43-e1a7-47cc-b87b-cbad7f076242,0,Metrobank,['Uncategorized']
786297a4-f739-4760-81a9-6d0110bb37ce,0,Metrobank,['Uncategorized']
78b745fb-7d35-4742-8906-b22fb130ef1f,0,Metrobank,"['App Stability']"
78e0aae2-0fee-458b-b012-6145de1ff74f,0,Metrobank,['Uncategorized']
78f77a16-f8db-4e5f-9961-061c53956ad8,0,Metrobank,['Uncategorized']
790208b0-d50f-4843-820c-13b428d11a0d,0,Metrobank,['Uncategorized']
7909442e-bfbc-4f29-8755-bfe57f56a005,0,Metrobank,"['App Stability', 'Transaction Failures']"
79436f47-e117-498a-99ce-ef4f0caffcd5,0,Metrobank,['Login/Authentication']
79665ebc-41cb-491f-bbf7-23953eaf1f55,0,Metrobank,['Uncategorized']
796ca597-c7cd-4f8a-a3d6-c472fdfe811e,0,Metrobank,['Login/Authentication']
79ba237b-799d-450a-afd1-37c10b341385,0,Metrobank,['Login/Authentication']
79c140c3-f114-4e9c-afe3-38c8e1cc6d24,0,Metrobank,['Uncategorized']
79cbc6ca-51c4-4d50-a22f-c73733dc60e4,0,Metrobank,['Login/Authentication']
79e8624b-fda8-47ff-80fd-e61762a6f242,0,Metrobank,"['Login/Authentication', 'Performance']"
79ee6630-3983-4531-87ab-27e15fad7a9d,0,Metrobank,"['Login/Authentication', 'App Stability']"
79f35543-546c-4f60-b74e-d05742139f91,0,Metrobank,"['Login/Authentication', 'App Stability']"
79ff7cd7-27ea-4a21-b7ac-a473163b71e1,0,Metrobank,['Performance']
7a0dc64a-8ced-43b4-a23a-3bd82927f648,0,Metrobank,['Performance']
7a0ddf86-08db-483c-99b7-01b709fa33f6,0,Metrobank,['Uncategorized']
7a0defef-16ef-44c6-b76a-7c51284434f9,0,Metrobank,['Uncategorized']
7a319fc1-bc3c-4aef-a042-f83a63ff446e,0,Metrobank,"['Login/Authentication', 'Performance']"
7a3ec767-6657-466d-9344-617064dd0360,0,Metrobank,['Performance']
7a6b82ae-99dd-4593-8801-343ff73ce2ca,0,Metrobank,['Uncategorized']
7a719860-4838-44b6-a44b-40256a11fbff,0,Metrobank,['Login/Authentication']
7abffb4b-57eb-4f97-bf54-d5659187de23,0,Metrobank,"['Transaction Failures']"
7ad4c9b8-1521-4568-818e-b753c7c460d0,0,Metrobank,['Login/Authentication']
7adc3030-c97d-46e2-b35c-7f3ae2dc50ed,0,Metrobank,"['Login/Authentication', 'Performance']"
7ae6c235-3abc-41c7-8f9c-9049b6c422ed,0,Metrobank,['Login/Authentication']
7af376ec-9ec5-417b-b3fa-386ebff74501,0,Metrobank,['Uncategorized']
7b079a5a-991a-4482-b5ae-d3f9e26b72e2,0,Metrobank,['Uncategorized']
7b166114-146f-4011-83e0-770f6ec012a3,0,Metrobank,['Login/Authentication']
7b285b32-d588-4b3b-a6fd-99afbe131ee6,0,Metrobank,['Login/Authentication']
7b642673-1f6f-4006-8e82-9e6f55609f3f,0,Metrobank,['Uncategorized']
7b846bf3-7f40-4c7a-83cb-0946b8d573b7,0,Metrobank,['Uncategorized']
7bae3673-d8e7-463e-a245-9b4c13ee34f7,0,Metrobank,['Performance']
7c015dde-7cd1-4354-bb93-a194e73c4e9f,0,Metrobank,['Uncategorized']
7c0912df-6aca-4c02-b631-a949c338093f,0,Metrobank,['Uncategorized']
7c2de3f2-e294-4945-9af3-2abedfd73e59,0,Metrobank,"['App Stability']"
7c6d9857-da0c-4f19-8cc2-76348fe1656b,0,Metrobank,['Uncategorized']
7c731b1c-b479-4050-b396-732b8fec4e26,0,Metrobank,['Login/Authentication']
7c931aa1-3b13-4841-805c-b3c4486ae370,0,Metrobank,['Uncategorized']
7ca853fc-430c-4a47-8ac9-501e22251790,0,Metrobank,['Uncategorized']
7cbc8f19-7b41-4786-9607-78e874e7c460,0,Metrobank,['Performance']
7cc33052-7ce9-44a2-8134-6b387c4421e3,0,Metrobank,"['App Stability', 'Performance']"
7cc47bb4-927d-4873-aeb3-131a5cc0c0fd,0,Metrobank,['Uncategorized']
7cc58845-7263-4437-ad41-097c66d98d36,0,Metrobank,['Uncategorized']
7cc6d6e1-22ba-42bf-b98e-f8df2f3e610f,0,Metrobank,['Performance']
7cf352f1-9d8b-47aa-9ada-876e20ef18ed,0,Metrobank,['Uncategorized']
7d0dbd62-fae3-483d-b1a5-fb902f2afd0d,0,Metrobank,"['Login/Authentication', 'Performance']"
7d19443b-5f39-4a17-8f75-45faad1af3ee,0,Metrobank,['Uncategorized']
7d40ea72-8697-4e75-9235-9959fbe1118e,0,Metrobank,"['App Stability', 'Performance']"
7d526bbb-1564-48a6-8a91-e45320d4c44d,0,Metrobank,['Uncategorized']
7d5cf5a2-bf9c-47a8-95f2-98d64288b0a0,0,Metrobank,['Uncategorized']
7d6820b6-4699-465b-8293-d6dd96e1dfbb,0,Metrobank,"['App Stability']"
7d771cf6-fa55-457f-9dba-0316a4d2fafa,0,Metrobank,"['App Stability']"
7d8eb893-429a-42d8-a8c6-163876d9ab2f,0,Metrobank,['Uncategorized']
7d9cfada-7196-4e57-b388-c72f3855343d,0,Metrobank,"['Login/Authentication', 'Performance']"
7dafbb7b-dc30-411c-9189-0fd1e0fc7780,0,Metrobank,['Uncategorized']
7de12197-9e06-4aa8-9266-d5966e1426b1,0,Metrobank,['Login/Authentication']
7df981e7-4ec1-4ac4-90b2-4f2aa0460a96,0,Metrobank,['Login/Authentication']
7e2d4654-0bb9-41c0-b5fe-c337cb14790e,0,Metrobank,['Uncategorized']
7e2e5024-e529-4a51-b85d-91a0ff49a809,0,Metrobank,['Uncategorized']
7e421fdb-0cce-48f0-aed0-e8b90ee1c888,0,Metrobank,['Uncategorized']
7e53b621-d982-4521-bbfe-ed2acd691edc,0,Metrobank,['Login/Authentication']
7e70250f-613d-43ee-9059-a935428212c9,0,Metrobank,['Uncategorized']
7e72af44-1816-4568-b991-4865826f0fde,0,Metrobank,['Performance']
7e7545bc-990c-4524-a608-969e7ababf16,0,Metrobank,['Performance']
7ebae657-4385-4903-adb3-0831ab9a4f72,0,Metrobank,"['Customer Service']"
7ed0ae83-4b74-4bc3-b369-b82ded066f19,0,Metrobank,['Performance']
7eeea5b4-f3ec-4359-92dd-144153205630,0,Metrobank,['Performance']
7ef648e4-6c96-4499-8e14-3a0811b0e4c1,0,Metrobank,"['Login/Authentication', 'Performance']"
7ef83d5b-4824-4f82-8eed-dc26b6172e4c,0,Metrobank,['Uncategorized']
7f0a63b1-4b43-47a8-8fe7-467ec786f327,0,Metrobank,['Performance']
7f1216b0-180a-4115-ae14-5b876b1c803a,0,Metrobank,"['Login/Authentication', 'App Stability']"
7f63c955-9571-4060-9de4-e3feee2a434f,0,Metrobank,"['Transaction Failures']"
7fa84810-afd0-4ed6-8a49-98fa79406881,0,Metrobank,['Uncategorized']
7fad7924-d2aa-4fee-8f15-1aa095e1d518,0,Metrobank,['Performance']
7fc138a0-cd7e-4576-8c81-d77162226ef6,0,Metrobank,"['App Stability']"
7fcd47fa-ee5e-456d-a3db-61bb693548e7,0,Metrobank,['Performance']
7ff80e90-3ccb-4b61-bc88-aef13a19a735,0,Metrobank,['Uncategorized']
801bece7-72ff-4b9d-a706-589a0035bca1,0,Metrobank,['Uncategorized']
80223af0-f647-448e-846e-5665bb6a4761,0,Metrobank,['Uncategorized']
8027e885-28e1-4f6f-ada8-c1f53439e649,0,Metrobank,['Uncategorized']
80374765-ba86-4a00-855d-70962f8a0980,0,Metrobank,"['App Stability']"
80440cd6-1818-44d0-9b2f-0c49add9c41a,0,Metrobank,"['App Stability']"
806bb70f-00ba-4cec-af76-de9984e5b411,0,Metrobank,['Uncategorized']
806e05b3-51d7-4d4c-b9eb-1dcef57a8848,0,Metrobank,"['App Stability', 'Performance']"
8082e3f9-7484-40ff-976e-b21b22c15c84,0,Metrobank,['Performance']
80949af1-0e04-455b-a5b7-2941ec208bc4,0,Metrobank,"['Login/Authentication', 'Performance']"
80afcd03-7d9b-4e80-af3b-89f5dd771ee7,0,Metrobank,['Uncategorized']
80be7091-061b-4e1a-8874-10403a32f6ae,0,Metrobank,['Uncategorized']
80c04784-875d-4ecf-b35f-34e711d8b82f,0,Metrobank,['Uncategorized']
80d3f172-cead-41e9-923b-ab55c780a65c,0,Metrobank,['Uncategorized']
80d6446e-affd-454b-88fd-00cc5e25a424,0,Metrobank,"['App Stability']"
80e183e3-9622-4ad7-b258-a487b78e14a4,0,Metrobank,['Uncategorized']
80f2ac93-c3ca-4461-814b-d54c258678a8,0,Metrobank,['Performance']
80fa29e3-667a-451b-bb26-794fef2e90df,0,Metrobank,['Uncategorized']
810088ea-fa88-453a-9501-5f0484ac743a,0,Metrobank,['Uncategorized']
81267f02-65c5-4a31-9ab3-3ff251e6506a,0,Metrobank,['Uncategorized']
815f0862-4b0e-4a7a-8a74-09427ae9bf70,0,Metrobank,"['App Stability', 'Performance']"
8171e8ce-529b-4fa2-a50f-4bd01875b0b4,0,Metrobank,"['App Stability', 'Performance']"
81c0fde7-2255-4292-b1e7-72ad2dfe1841,0,Metrobank,['Uncategorized']
81c432bf-8939-43e7-b3c0-bba66667d7b2,0,Metrobank,['Performance']
81c9467c-2427-434c-ae02-4c0320a9af1f,0,Metrobank,"['App Stability', 'Performance']"
82347d24-8cec-46ac-83a0-49f598b34a78,0,Metrobank,['Performance']
825d256e-1138-4971-b035-a03eb055f900,0,Metrobank,"['Performance', 'Transaction Failures']"
826647f4-6683-4ebd-a743-7851f0ad4bbf,0,Metrobank,['Uncategorized']
828f06ca-f464-4952-9b35-2660f4924743,0,Metrobank,"['Login/Authentication', 'App Stability']"
829af16a-280e-4b2b-ab25-2e6e5e7a687a,0,Metrobank,['Uncategorized']
8300ed13-3f89-4c85-964d-b030debc4341,0,Metrobank,['Performance']
8302c466-9dae-4672-9246-a743155aa91f,0,Metrobank,"['App Stability']"
830a5625-1b5d-4d62-89e4-b641bbaaee19,0,Metrobank,['Uncategorized']
831710c2-a549-4daa-a638-9777ff9796b2,0,Metrobank,['Uncategorized']
832b1702-28b3-4a98-ac3b-0b81037d3610,0,Metrobank,"['App Stability']"
832c2a6f-7abe-4039-b6f1-6aac489ec67d,0,Metrobank,"['App Stability']"
8331f23b-f0f3-49af-8c06-79c7f3f074b9,0,Metrobank,"['App Stability']"
83362c4a-6e34-43ac-8738-1b9abfc5f86d,0,Metrobank,['Uncategorized']
836d72a7-2a13-4401-948d-f50b28cd750e,0,Metrobank,"['App Stability', 'Performance']"
8379ea42-e935-41c8-a247-c70d69d5fd0c,0,Metrobank,"['App Stability', 'Performance']"
83ae5d79-55eb-41a9-a280-80200f3e5e32,0,Metrobank,['Uncategorized']
83be9c9f-671c-4888-9295-40e3d30de537,0,Metrobank,"['Transaction Failures']"
83e03bcd-efd7-4b97-846e-a58000d31af9,0,Metrobank,['Uncategorized']
8402b4ef-01fe-4b2e-ae62-a01d6ef7b9e2,0,Metrobank,"['App Stability']"
8411d666-3d4d-4da7-81d0-14b6b25e8a95,0,Metrobank,['Uncategorized']
84144586-83be-45e9-8a59-0fec64c387c4,0,Metrobank,"['Login/Authentication', 'Performance']"
842afaa7-9cfb-4bf5-9ac8-6fe0e202e3c8,0,Metrobank,"['App Stability']"
845fd54c-f6ab-464c-adea-dca858ade070,0,Metrobank,['Login/Authentication']
847bd4a9-9c81-4dd3-8622-64430705640c,0,Metrobank,"['App Stability']"
84cedc08-695d-40d3-b10d-877c9f750376,0,Metrobank,['Uncategorized']
84e85040-76bb-4d9f-b45e-a41347216a87,0,Metrobank,['Uncategorized']
84fb5c83-c9c6-4c8f-ae38-94bcbea589bd,0,Metrobank,['Uncategorized']
853432db-a84d-4417-bd19-3bdc23bc317f,0,Metrobank,"['App Stability']"
853b649b-300f-442e-9907-76f9352ccbfe,0,Metrobank,['Uncategorized']
8549e4d0-5ead-4c40-8d6d-5a16b5d6e3c5,0,Metrobank,"['App Stability']"
8551c1c5-964e-44ec-b7ae-cbc015c425ce,0,Metrobank,"['App Stability']"
8556c3c5-ee15-4d2d-89ab-f2cd0da11d5a,0,Metrobank,['Uncategorized']
856868ea-839d-4600-998f-8319074bd95e,0,Metrobank,"['Login/Authentication', 'App Stability']"
8589f771-6439-4425-812a-47a0f300d4c2,0,Metrobank,['Performance']
859cb598-9de1-480c-9174-b23880a830c4,0,Metrobank,"['App Stability']"
85cc019f-3b20-42a3-b3a3-f850705fbccf,0,Metrobank,"['Login/Authentication', 'App Stability']"
85f26313-81f2-4493-b275-c1cade9cafc5,0,Metrobank,"['Login/Authentication', 'App Stability']"
860124da-f8d5-417d-a8a8-33921c8a0e2b,0,Metrobank,['Login/Authentication']
8604ce2f-c69f-45d0-9282-74f3c00d98b2,0,Metrobank,"['Login/Authentication', 'App Stability']"
86139d68-2d73-41ed-aaef-f789ee1c2f80,0,Metrobank,['Uncategorized']
861d4713-de05-49fa-a55b-918833f8ad28,0,Metrobank,"['App Stability', 'Performance']"
86234799-ffd0-4b4e-b751-5bb7cd1b8885,0,Metrobank,['Uncategorized']
8628725b-b83b-45be-8ef5-0ef97cd71116,0,Metrobank,['Uncategorized']
86358b6a-be20-46d7-831e-33fdbda64e37,0,Metrobank,['Login/Authentication']
864b497e-70d5-445c-8b64-48ff695c9612,0,Metrobank,['Uncategorized']
8698c6df-d086-44cf-aa51-4f46d627cc44,0,Metrobank,['Uncategorized']
869d68fa-39a5-4246-a0c1-be560b8407ac,0,Metrobank,"['App Stability']"
86abbe95-9811-4dec-b1d1-636aee1c9052,0,Metrobank,['Uncategorized']
86e91cbc-cace-49e2-bfa3-e0b8fd4e9c57,0,Metrobank,['Uncategorized']
870cff9a-151b-446b-8295-62f702e99e2d,0,Metrobank,['Uncategorized']
8723e90a-f45a-4937-a570-ee91e91185ac,0,Metrobank,['Uncategorized']
872f899c-ab67-4077-a6c2-47a306560a7e,0,Metrobank,"['App Stability']"
87451328-2dfc-4e67-9fba-f9bac5fd406c,0,Metrobank,['Uncategorized']
876c59ab-9776-4b2e-afb6-3b749e0f4e52,0,Metrobank,['Login/Authentication']
87877e53-3879-4c1c-9b87-3b9583598c09,0,Metrobank,['Uncategorized']
87a19803-e5a4-4c0c-872b-d458c34d5a9a,0,Metrobank,['Uncategorized']
87a6f083-5278-4219-86da-ad2898da4658,0,Metrobank,['Uncategorized']
87f93e7b-4829-45a2-81da-91be928a6560,0,Metrobank,['Performance']
87fcaaa1-2f0d-403f-87fc-9365489ecfee,0,Metrobank,['Uncategorized']
88326c86-9d5a-4e8f-82a2-a9ad7f0826b3,0,Metrobank,['Login/Authentication']
88667358-4a39-4917-94ea-50d0fa3de180,0,Metrobank,['Uncategorized']
8882cf61-444f-4a83-baa9-ead1cb554da8,0,Metrobank,"['App Stability']"
889cbaaf-8e1e-4263-8e10-66833f9f2cb7,0,Metrobank,"['App Stability']"
88b4a00a-3ccb-4c58-b0ec-120123cc2216,0,Metrobank,['Login/Authentication']
89812d90-b70a-4944-88ff-c45891eaf27b,0,Metrobank,"['App Stability', 'Performance']"
8990e8af-259e-4bad-8411-2e4b50813319,0,Metrobank,"['App Stability', 'Performance']"
8996e878-2886-4510-b4a4-089211f1256e,0,Metrobank,"['Login/Authentication', 'Performance']"
89c0c231-5c8c-4617-8a5d-02da67f214dd,0,Metrobank,['Uncategorized']
8a013c46-3008-4c2d-b046-38820b389926,0,Metrobank,"['Login/Authentication', 'Performance']"
8a0313ec-bc94-43d3-afa3-369b314a72d5,0,Metrobank,['Uncategorized']
8a21662c-3131-4f82-ab45-3695ac0528a5,0,Metrobank,['Uncategorized']
8a236e96-d43c-4a74-a87d-9b93ede08dea,0,Metrobank,['Uncategorized']
8a2fe345-acee-4140-8129-44ee271f2cf6,0,Metrobank,['Performance']
8a6138f0-0b16-46a6-90cf-5acddc36116a,0,Metrobank,['Uncategorized']
8a645cdc-1cf3-4cdf-ab1f-a5b292bd9b2c,0,Metrobank,['Uncategorized']
8a8ac604-bd3c-49a2-a74b-a38c24bbb158,0,Metrobank,"['App Stability']"
8a934c32-9192-4d80-b0b7-82d6f107f76f,0,Metrobank,['Uncategorized']
8ac5428e-d330-48a1-ac21-ff94adeca3cb,0,Metrobank,['Performance']
8ad93b7c-4880-4878-ac1d-53cfc34170b3,0,Metrobank,"['App Stability']"
8aefa993-7d30-4431-b3cd-1addcde5ed54,0,Metrobank,['Uncategorized']
8afb015d-b75f-4fa1-854d-c62aeb0e7606,0,Metrobank,['Uncategorized']
8b097ab6-5985-41c0-83c2-9f1d281f2646,0,Metrobank,['Uncategorized']
8b120ceb-5754-4b92-a925-725514ed2cf0,0,Metrobank,"['Login/Authentication', 'App Stability', 'Performance']"
8b16f4b1-868f-4192-b6e5-dbb894421840,0,Metrobank,['Uncategorized']
8b3981e3-94c1-4129-b830-0da48f74dc58,0,Metrobank,['Uncategorized']
8b45d4af-70fd-449c-8084-89fe7e3e545d,0,Metrobank,"['App Stability']"
8b59f7b0-93d4-4c8c-bec0-fa0a56305008,0,Metrobank,['Performance']
8b869ace-ec3d-4931-aa58-9fc1eaa64bba,0,Metrobank,['Uncategorized']
8baa29f1-1ed4-4048-b474-df40cdc094e6,0,Metrobank,"['Transaction Failures']"
8bb2befd-15aa-4760-a633-38c1a51186a5,0,Metrobank,['Login/Authentication']
8be91445-9b99-4bb4-8ed1-50e7770ede54,0,Metrobank,"['App Stability']"
8c2797bf-75d7-47d8-b3f2-6e0f3cffe4bb,0,Metrobank,['Uncategorized']
8c35c76e-4cd3-41db-89c6-d7e4e5f6e78b,0,Metrobank,['Uncategorized']
8c4df956-6efc-46ff-b60c-7fe6f112dc81,0,Metrobank,"['Transaction Failures']"
8c64faa7-ea82-488e-bdef-ea6994e5e129,0,Metrobank,['Performance']
8c655dbd-7b44-4999-b0c7-e80d248eb605,0,Metrobank,['Uncategorized']
8c86c491-875c-4a23-875f-de9976a69c71,0,Metrobank,['Uncategorized']
8c9b6c28-65ea-4844-a200-cf1624996562,0,Metrobank,['Uncategorized']
8d39caa6-7652-41fb-a263-381e5bbbd976,0,Metrobank,['Performance']
8d63c81c-7156-4399-bfbf-68c8760f4222,0,Metrobank,['Performance']
8d67586a-b725-4df3-b6f2-d2c5750b7635,0,Metrobank,"['Login/Authentication', 'App Stability']"
8d88a6d4-6a10-4a51-bce5-56cd66d4dd41,0,Metrobank,['Uncategorized']
8db13d76-9634-4a57-9c1d-4c629724596a,0,Metrobank,"['App Stability', 'Transaction Failures']"
8e19c593-8b08-4a1d-998d-0a5655ca61fd,0,Metrobank,"['Login/Authentication', 'Performance', 'Transaction Failures']"
8e336d32-54ec-4752-ad82-a66e2363a1d8,0,Metrobank,['Uncategorized']
8e5712e8-1c13-4119-8eb4-3c7597ed161e,0,Metrobank,"['Performance', 'Transaction Failures']"
8e58f8ea-1da3-4b64-b477-6df59594bade,0,Metrobank,"['App Stability']"
8e6ff2d1-e38d-408d-b241-6c034e5e55a1,0,Metrobank,"['App Stability']"
8e7d27a1-26d0-4504-8bf2-d1bfcfc9eb59,0,Metrobank,"['App Stability', 'Performance']"
8e8cf81b-2d45-43ba-bad8-37d7ffed264b,0,Metrobank,['Login/Authentication']
8eda65d9-f724-4a49-9cd3-d43b5cb3eae4,0,Metrobank,['Uncategorized']
8ef2bf7d-4a08-4b58-9e49-7f2ec549c496,0,Metrobank,['Uncategorized']
8f570f10-3ca9-42b2-84d7-67c048ba5ba8,0,Metrobank,"['Login/Authentication', 'App Stability']"
8f83d8c5-8cc4-4ecf-983c-d6fe16eaa877,0,Metrobank,['Login/Authentication']
8f8c1d9c-25b8-4bc8-addd-a42064016ddc,0,Metrobank,['Uncategorized']
8fe77f3e-7a59-4663-aed5-5b2cb0d1e024,0,Metrobank,['Performance']
8fef5524-5a6e-4c6a-99ef-25e9b358e31f,0,Metrobank,['Uncategorized']
9030b665-8fa0-4bc7-97e3-75942e1e8592,0,Metrobank,['Uncategorized']
90536063-ea52-445e-920e-9f8166a2a111,0,Metrobank,['Uncategorized']
9063216a-de0a-49bd-a340-f89623986897,0,Metrobank,['Uncategorized']
906f6c64-9e5c-43c9-824b-cca8c83b8289,0,Metrobank,['Uncategorized']
907bb151-4b4b-46c0-a119-232d4aca9e3b,0,Metrobank,['Uncategorized']
9085aa71-ef01-41d8-bac8-eb705ca36522,0,Metrobank,['Uncategorized']
9085abad-cbda-40e1-8f6d-2af32fe87c25,0,Metrobank,['Uncategorized']
90873d74-1343-464a-bea7-664c5b1604a4,0,Metrobank,['Uncategorized']
90aa2891-0fc9-48f7-8c49-5a63cb85761c,0,Metrobank,['Login/Authentication']
90b1bccf-539d-4512-bb97-0affc9545350,0,Metrobank,['Uncategorized']
914daa61-e0a9-4df9-97cf-f2640a1efe49,0,Metrobank,['Login/Authentication']
9168ef7e-440b-4e32-8de2-21444eaccc05,0,Metrobank,"['Transaction Failures']"
9172cfa6-9c80-4527-b28f-9c0a286a26e6,0,Metrobank,['Uncategorized']
917809c9-2111-4dfb-bcd4-f03b09ea2e66,0,Metrobank,['Uncategorized']
9178d0a7-3337-4cc2-861c-01dcd4da59ee,0,Metrobank,['Uncategorized']
9180fb23-b75d-4739-8f72-54ee09cf2bf2,0,Metrobank,['Uncategorized']
91d8b62b-d67f-45c9-bfa0-59f5f21c932d,0,Metrobank,"['App Stability']"
92047e6b-f09e-499a-b8e8-4aa493f2f6de,0,Metrobank,['Uncategorized']
920e626a-cdc3-49a5-9660-da7a1c76834b,0,Metrobank,"['App Stability', 'Performance']"
92478c30-4ebd-4c14-b2a1-1b4faa322743,0,Metrobank,['Uncategorized']
9255bb8d-b276-485f-bcae-6b393468e7a4,0,Metrobank,"['App Stability']"
92624833-fbba-4f59-a6d9-199e8d4a2cd0,0,Metrobank,['Login/Authentication']
927f78e5-fe48-4f94-a189-47a1c38c000f,0,Metrobank,['Uncategorized']
92831f6d-65d7-4929-bc0d-94cbfc8a1012,0,Metrobank,['Uncategorized']
92893126-f4cc-4059-af9b-8c4028766c4d,0,Metrobank,['Uncategorized']
9298ae33-27ef-46f4-a1c7-e7f1acb4beb4,0,Metrobank,['Uncategorized']
92ad4a06-a23e-4153-b924-a66c139595c8,0,Metrobank,['Performance']
92c112db-3324-4782-a7ef-4e8f3fe7b9f0,0,Metrobank,['Uncategorized']
92f34033-247a-45b0-9dc7-1c2153205f84,0,Metrobank,['Performance']
92f45a67-64ab-4060-bf13-1b84cabe6fa6,0,Metrobank,['Uncategorized']
92f6ad7f-5a68-44a9-a7bd-f083ce573be6,0,Metrobank,['Uncategorized']
9335c19d-1bc4-4db9-8493-96fd06bc73f6,0,Metrobank,['Uncategorized']
93bc5ae6-3917-48df-bc99-b2fe63f4c1a6,0,Metrobank,"['App Stability', 'Transaction Failures']"
93bc9102-b394-45c4-a0c6-13a0091576b7,0,Metrobank,['Uncategorized']
93c35e85-0470-4c5b-92df-e26acf7cbb99,0,Metrobank,['Login/Authentication']
93dc557f-cf04-455d-baf1-7151ed90fea5,0,Metrobank,['Uncategorized']
93dee5f0-c48e-4f4f-a672-005f708f08b5,0,Metrobank,['Performance']
93fd17b7-55c6-4c3b-9317-af1d2729eb57,0,Metrobank,['Uncategorized']
941e70a7-9e97-4b9a-9ca9-0bad9b37798c,0,Metrobank,"['Login/Authentication', 'App Stability']"
943e5738-796c-41f5-9ce6-85e1be3dc622,0,Metrobank,['Login/Authentication']
949f2ac3-a4de-4c2f-97bb-09714e4e65a8,0,Metrobank,['Uncategorized']
94a8169d-be8d-4928-bd9f-39a58b9fc264,0,Metrobank,['Uncategorized']
94aba7c2-52e1-40da-b7ba-0f06fea19346,0,Metrobank,['Login/Authentication']
94b3fbd0-84aa-4599-912b-036d4e66417d,0,Metrobank,"['App Stability']"
94bf065f-7f40-4841-9940-512df398b949,0,Metrobank,['Uncategorized']
94e00688-a890-4a1e-abbb-4f0d3510850b,0,Metrobank,['Uncategorized']
9514e3fc-fd70-4dd5-8b29-c297f43f647d,0,Metrobank,['Uncategorized']
95670ae6-207d-447f-9338-b21ce3a482d7,0,Metrobank,['Uncategorized']
956795e5-5830-465d-bc1a-19ef5ad5bcbb,0,Metrobank,"['App Stability']"
95759565-e0fa-4c84-90ff-b1ad1708be77,0,Metrobank,"['App Stability', 'Performance']"
95c91952-0d3b-4d1c-89f8-4fafb5163115,0,Metrobank,"['App Stability', 'Performance']"
95db9377-9b8d-4b54-8ef2-38637b2211c4,0,Metrobank,['Performance']
96154321-34e3-4c29-884f-99f0defd6f95,0,Metrobank,['Uncategorized']
9645c095-073e-419f-b0b1-1fb2a93ccb8d,0,Metrobank,['Performance']
96663d91-1f3b-4fe5-8f8a-2d1487034623,0,Metrobank,['Uncategorized']
9666a88c-95d2-4247-b531-c4ef60bc731e,0,Metrobank,"['App Stability', 'Transaction Failures']"
966940c4-7043-420a-abdd-28291a5d117c,0,Metrobank,['Uncategorized']
9669f39c-81fb-469c-a437-828c6b6bb105,0,Metrobank,['Uncategorized']
96823aeb-4644-4bfd-a432-6810fef9ec9f,0,Metrobank,['Uncategorized']
96b5fa48-af52-493e-b222-5d59395bbbc3,0,Metrobank,['Uncategorized']
96ba276d-00bc-4869-a358-514bb2e98812,0,Metrobank,['Uncategorized']
96c4cf55-fa75-4118-8b62-d125088538a9,0,Metrobank,"['Login/Authentication', 'Performance']"
96c86596-e31f-458c-8fa2-86fa07953f77,0,Metrobank,['Login/Authentication']
96f2a894-533d-4934-9300-93ab45d6aefd,0,Metrobank,['Uncategorized']
97196de2-e0e7-41a4-9ea5-da211a44bb97,0,Metrobank,['Login/Authentication']
972369d0-b71b-40b7-8ca0-181b00be6a94,0,Metrobank,['Uncategorized']
973efcd3-ba48-4397-9d10-ec10606ca7e0,0,Metrobank,['Uncategorized']
976c7394-1ca0-493b-bc92-532674083071,0,Metrobank,['Uncategorized']
9770be69-d4af-42be-98d8-7c6ec49536c8,0,Metrobank,"['Customer Service']"
977c1ba5-7320-4354-b4c0-5f517a96de96,0,Metrobank,['Uncategorized']
9782f4f3-6620-4091-9a0b-24d4239a46cd,0,Metrobank,['Uncategorized']
978e0fd4-844f-42d6-83ac-7a9243479df6,0,Metrobank,"['App Stability', 'Performance']"
9791ace4-6d44-4d73-8bee-b1a22748e8cd,0,Metrobank,"['Login/Authentication', 'Performance', 'Customer Service']"
9795d12d-af43-4f91-baef-8a368691c048,0,Metrobank,['Uncategorized']
97a71ea8-9a76-4401-8538-8146bb17c441,0,Metrobank,['Performance']
97ced1e1-cb36-47f5-bf29-d0c3f3ebe904,0,Metrobank,['Uncategorized']
980396a5-f79c-4c51-8a32-8ec49ae484d0,0,Metrobank,"['App Stability']"
982ee382-d672-4972-b89d-96e9cac7b669,0,Metrobank,['Performance']
983624ab-f2ec-4516-905c-06aad569c5fe,0,Metrobank,"['App Stability']"
985ad037-3382-4faf-8a9d-b150076ed100,0,Metrobank,['Uncategorized']
988c8bdf-c983-42c1-bd24-ad785398f8f1,0,Metrobank,['Uncategorized']
98dd0309-a617-4ac8-9215-e22c8fac5b7a,0,Metrobank,['Uncategorized']
98e62f6d-c454-436d-a9f3-109c351c8930,0,Metrobank,['Login/Authentication']
98f2eb54-c3d0-4bb1-885a-4d87487f1d95,0,Metrobank,"['App Stability', 'Performance']"
98fd3698-cea9-4d2a-b1b1-ebc606c9bf94,0,Metrobank,['Login/Authentication']
992b7d2a-319c-4aa3-b549-e35bca1db202,0,Metrobank,"['App Stability']"
9936959d-8e8d-40cd-9781-04556abf8553,0,Metrobank,['Uncategorized']
993d32b3-a02f-4669-b847-189852168b4d,0,Metrobank,"['App Stability']"
993fc019-9710-458b-8b0f-cc2d8ac8f51a,0,Metrobank,"['App Stability']"
99610215-1770-4be4-98aa-a8a257d5d67e,0,Metrobank,['Performance']
997dcdaa-9072-4dd2-8a70-5e0bbf2e4f8e,0,Metrobank,['Uncategorized']
998f961b-c382-4b7f-a30e-9106804406a7,0,Metrobank,['Performance']
9997e699-8705-4adc-8e7c-ef9204a2ef88,0,Metrobank,['Performance']
99b32f93-9ccc-4962-95fb-8b0f4d546914,0,Metrobank,"['App Stability']"
99f1c183-0809-4ee7-bcd8-d6d934343284,0,Metrobank,['Performance']
9a11f282-fb8d-4ee9-a20d-da62971022d8,0,Metrobank,"['App Stability', 'Performance']"
9a39a6f5-8de0-4332-ab69-4eac84cfd902,0,Metrobank,['Uncategorized']
9a5a7463-23df-4831-bf65-a55125c3a703,0,Metrobank,['Performance']
9abc6b92-824d-4e33-b384-bc6c33aada5e,0,Metrobank,"['Login/Authentication', 'App Stability', 'Customer Service']"
9acbead6-b38c-4262-8f06-29d4d8dba31b,0,Metrobank,['Uncategorized']
9ad9bfd2-48ba-4c8c-b9d1-827a07e5d1b0,0,Metrobank,['Performance']
9af91590-0ed2-4f73-8ae1-9d05e743677a,0,Metrobank,"['Login/Authentication', 'App Stability', 'Performance']"
9b13c87c-0b16-4838-9542-97c35e087d5a,0,Metrobank,['Login/Authentication']
9b5c5b92-ddfb-41b0-9058-a5728be4c69c,0,Metrobank,"['App Stability', 'Performance']"
9b705ca6-b68b-4405-8d35-b611301b79f1,0,Metrobank,"['App Stability', 'Performance']"
9ba8443d-cf1d-48b0-ae8f-25289807e918,0,Metrobank,"['App Stability', 'Performance']"
9bc93f4d-5e39-4933-a01e-b055df8fda10,0,Metrobank,['Uncategorized']
9bcffa1e-777e-47fd-aebc-344e521d30ec,0,Metrobank,['Uncategorized']
9be10b7a-e610-465b-ae74-b95ced0ec33c,0,Metrobank,"['App Stability']"
9c1a905c-89c2-4a10-be5c-73bbd8bbb72e,0,Metrobank,"['App Stability']"
9c21d1ee-f4e3-46a3-8e3e-ef76077ed10c,0,Metrobank,['Login/Authentication']
9c2fb800-0fba-4819-8fc7-fd945f8372ec,0,Metrobank,"['App Stability']"
9c3d2896-79a9-4341-b523-3e936bf4d4ae,0,Metrobank,['Login/Authentication']
9c735185-c69c-44f5-8261-39fcf3f88e2c,0,Metrobank,['Uncategorized']
9c7438d4-3a34-4853-83ac-256e87a9a528,0,Metrobank,['Login/Authentication']
9c977edd-c393-44bc-91d6-d89cd0c7e46a,0,Metrobank,['Uncategorized']
9cae9cd6-10a5-451d-acf0-af5bfa8b0a0e,0,Metrobank,['Uncategorized']
9caefc05-0d3a-466f-b69e-a4e1b8fd50e3,0,Metrobank,['Uncategorized']
9cbda5b5-ad3a-40e7-bc4a-36989863b871,0,Metrobank,['Login/Authentication']
9cbe8cf5-79de-4231-b420-206bec316e3b,0,Metrobank,['Login/Authentication']
9ce8548e-4a7f-400b-80ab-205a0a0b258a,0,Metrobank,['Login/Authentication']
9cf1ebf6-c657-449a-8e77-91248da005ca,0,Metrobank,['Performance']
9d229ba6-9846-4c99-a8bb-145779dee46d,0,Metrobank,"['App Stability']"
9d300975-01af-4ab5-bb63-c5ddb2b425bb,0,Metrobank,['Login/Authentication']
9d32f834-d707-4365-b509-526a28e67b78,0,Metrobank,"['Login/Authentication', 'Performance']"
9d66269a-4c84-4247-ac75-45b6334e5156,0,Metrobank,"['Login/Authentication', 'Performance']"
9da3c9ce-da89-4259-914f-3e84a37613e9,0,Metrobank,['Uncategorized']
9da7e070-ed07-4ff0-9105-0ced3e59fff2,0,Metrobank,"['App Stability']"
9dcfe3a0-7123-4d8d-b223-6c9f21dc7af4,0,Metrobank,"['Transaction Failures']"
9e1f869b-b22f-4c7a-8245-4bc5fac820dc,0,Metrobank,"['App Stability']"
9e215743-b77f-4a3a-a938-9ad3ddc916ae,0,Metrobank,['Uncategorized']
9e5b6730-9299-4800-a77a-3edc83c9b1a7,0,Metrobank,['Uncategorized']
9e89228d-3902-4530-8b37-f0c5ade2a8eb,0,Metrobank,['Performance']
9e99e104-14fd-4ee5-ac83-01259980cd8f,0,Metrobank,['Performance']
9eb3aab1-4bc2-4fbe-9344-088ac5cb5af3,0,Metrobank,['Uncategorized']
9ed91f52-d215-454a-ab2b-3ff8c34487c7,0,Metrobank,['Uncategorized']
9edec2fa-9a2a-48f9-8396-d85381f76349,0,Metrobank,['Uncategorized']
9ee73c1b-ac8a-4058-a43d-9e798571c48f,0,Metrobank,['Uncategorized']
9f1a4880-cae1-4d30-9510-8f173e1d2e05,0,Metrobank,['Uncategorized']
9f7c8dd6-c6a1-451e-8b63-889403234b91,0,Metrobank,['Uncategorized']
9f7cb4ae-f5ea-4ee4-a75e-8038780f22d7,0,Metrobank,['Uncategorized']
9f86a47f-c9b9-4574-a3e0-3e0174553203,0,Metrobank,['Login/Authentication']
9fc2d489-3314-4424-a855-151c92fdea82,0,Metrobank,['Uncategorized']
9fc6a77d-de30-4454-a5a9-bd3b18ea69cf,0,Metrobank,['Uncategorized']
9fe34765-4bd6-4224-a4ab-3165d520dbac,0,Metrobank,['Uncategorized']
a02b406e-a99c-4f16-aa75-dd55bd583a72,0,Metrobank,['Uncategorized']
a07a5ff3-cd98-4967-9955-ab5bbd9f7238,0,Metrobank,['Uncategorized']
a0c2f0f5-5663-4365-8c1f-e7345c12c289,0,Metrobank,['Uncategorized']
a0dd2920-4d22-41f6-9ca0-bbffb4cb1873,0,Metrobank,['Login/Authentication']
a0dee03b-117c-427b-88ae-30bacacb6979,0,Metrobank,"['App Stability', 'Performance']"
a0fc0a92-a18b-4c99-a74d-07869cae0470,0,Metrobank,['Uncategorized']
a120b11f-d281-4bbf-bad9-9c88c10623f3,0,Metrobank,['Performance']
a14021f5-48a7-45fc-a08f-af8cb85cc70e,0,Metrobank,"['App Stability', 'Performance']"
a14a57e8-1361-4278-9558-8fec73ad33b6,0,Metrobank,"['App Stability']"
a18dc590-2a9b-4b71-9b22-cd22d7da5f6f,0,Metrobank,"['App Stability']"
a191a6c7-3908-4a11-b757-c403734a77a0,0,Metrobank,"['App Stability', 'Transaction Failures']"
a19d0f7e-81f0-4851-87a9-609c5a4fae09,0,Metrobank,['Uncategorized']
a1d831bd-23d7-4d12-8947-6b3289a0147e,0,Metrobank,"['Transaction Failures']"
a1daa217-0594-41dd-9d28-bb17f0442fb1,0,Metrobank,"['Transaction Failures']"
a1f2add3-513e-430f-a9c2-5290e4c73dc3,0,Metrobank,"['App Stability']"
a1f86ae9-d29c-4db2-8855-69a41ccae9a7,0,Metrobank,"['App Stability']"
a1fbd2ed-f35a-4b61-a989-2a39710c7aba,0,Metrobank,['Performance']
a227669e-36f2-410b-b985-c8876a8ee0a9,0,Metrobank,"['Login/Authentication', 'App Stability']"
a2704e08-9062-4726-9d34-abc7f7e7c680,0,Metrobank,['Uncategorized']
a276c172-28a9-40df-a983-9f58ba82ad14,0,Metrobank,"['App Stability']"
a29c21a7-8d27-44b2-aea9-64bc5373bf28,0,Metrobank,['Uncategorized']
a2ba6df9-c1fb-4f40-82f6-9300450ca5af,0,Metrobank,['Performance']
a2df9e5b-2744-4f29-a571-eeb42c1752aa,0,Metrobank,['Uncategorized']
a2e4c7b0-f3c8-405d-9953-ab8bf0154076,0,Metrobank,"['App Stability']"
a2ece815-834d-40ce-b514-b330c2399fba,0,Metrobank,['Uncategorized']
a2ff0bcf-2702-475b-8b14-cc74a8cb956a,0,Metrobank,['Uncategorized']
a30bccc7-d3c7-45f2-8df4-54c89c630f5a,0,Metrobank,['Uncategorized']
a3131a32-b7d3-4101-b35f-60bc37620be4,0,Metrobank,['Uncategorized']
a32b93b4-d593-4f9c-a02d-495f95845364,0,Metrobank,"['App Stability']"
a33966a2-9926-489a-bd44-1b9512c75297,0,Metrobank,"['App Stability']"
a36c6cb7-1385-4156-b6ac-92ffd77a33cb,0,Metrobank,['Uncategorized']
a38ef7fb-5962-41c3-859c-bd236cd2cc57,0,Metrobank,"['Login/Authentication', 'Performance']"
a3e9f82f-2563-4f9c-a7ad-7c5f85863aed,0,Metrobank,['Performance']
a3f7baaf-8f6a-4105-b22e-ae4adc9a3dd8,0,Metrobank,['Uncategorized']
a42df856-72a9-48a0-92bf-251abac9948f,0,Metrobank,"['App Stability']"
a4311d22-b134-464b-aa13-50b8b62c548a,0,Metrobank,['Uncategorized']
a43254c2-f952-468c-ad88-e3f75de694b0,0,Metrobank,"['App Stability', 'Transaction Failures']"
a44a13ef-b7cf-4f49-9bdd-fe19d5f45aa6,0,Metrobank,['Uncategorized']
a46e5ce2-e63c-4232-a7c9-031975ed2ac6,0,Metrobank,"['App Stability']"
a486d1cc-6b5a-4e46-a762-11728ad518e2,0,Metrobank,['Uncategorized']
a498ae7b-32a2-4049-9c07-f8a644d37356,0,Metrobank,['Performance']
a4e5b7c9-95ef-4fa6-b4f6-4fa3e91be40e,0,Metrobank,['Uncategorized']
a529c2e3-f90c-42b8-8321-cd058fa19fea,0,Metrobank,['Uncategorized']
a55dc411-40db-4664-8e06-5f20bc65f7ba,0,Metrobank,['Uncategorized']
a5939f0e-c2a9-40a7-aede-e7fee6f17223,0,Metrobank,"['App Stability']"
a5dc3423-710d-41dc-b418-3f2c36c8fa4a,0,Metrobank,['Uncategorized']
a634c339-b430-4a18-b697-b9c5616bddb7,0,Metrobank,['Performance']
a64b26e8-6ba3-4356-8553-ec8267a53e5b,0,Metrobank,"['App Stability', 'Performance']"
a66f99ef-8b56-4888-ac4a-64ea10dbcbbe,0,Metrobank,['Uncategorized']
a680be32-75b4-4889-91b8-372021307e65,0,Metrobank,"['App Stability']"
a6bea28d-f9e5-4353-b50e-d1937b06a75c,0,Metrobank,['Login/Authentication']
a6c321d7-a8c4-4f45-90ba-6c7334f3cfb3,0,Metrobank,['Uncategorized']
a6cadddf-3f54-4f8d-b760-e95ed4e32f9b,0,Metrobank,['Uncategorized']
a6cde428-97d8-4f9a-805f-80e141ebfd6c,0,Metrobank,['Uncategorized']
a6f65f0b-2e34-47d0-bb39-a84f3b7b0e1f,0,Metrobank,"['Login/Authentication', 'Performance']"
a7150f70-e685-439a-9bb7-75a5406b9cc1,0,Metrobank,['Uncategorized']
a7217bd1-c1d8-44e2-90b7-4f421eb5969c,0,Metrobank,"['App Stability']"
a7971dbc-a445-44d1-b736-c380d9ccbff4,0,Metrobank,['Uncategorized']
a798b876-0ffc-4399-9359-b5b9b4f78121,0,Metrobank,"['Transaction Failures']"
a7a4486b-342e-4ffa-8d1b-d81718ebe5ac,0,Metrobank,"['App Stability']"
a80bcc48-92e6-43b7-985c-c05d452d84c1,0,Metrobank,['Uncategorized']
a81e9cb5-61b7-492d-8493-0f39ffa90863,0,Metrobank,"['App Stability']"
a83a885c-919c-4e62-9c89-b3416dd8def7,0,Metrobank,['Uncategorized']
a83b4482-563b-4a90-80b6-c6cf40c2ac78,0,Metrobank,['Uncategorized']
a8532b52-7d97-43e8-ba73-c304d047933c,0,Metrobank,['Login/Authentication']
a880e7fa-0d88-4cdd-b5ae-4c72d42f3c4b,0,Metrobank,['Uncategorized']
a885974c-a2d6-4a63-8d2e-b317cfbcaf7e,0,Metrobank,"['App Stability', 'Performance']"
a926af4f-2d08-44a6-a0b1-21b7a398c6fc,0,Metrobank,['Uncategorized']
a934525d-58e1-4516-a50d-683d6eef086f,0,Metrobank,['Performance']
a9507d7e-21d9-45c7-b802-0e7ba0deadfb,0,Metrobank,"['App Stability', 'Transaction Failures']"
a97a3695-b847-4b3b-b335-b3cab856ea96,0,Metrobank,"['App Stability']"
a9836000-1fbd-46fc-aafe-0bc299d600f9,0,Metrobank,['Uncategorized']
a9843424-9d90-462a-8028-10e831913eee,0,Metrobank,['Uncategorized']
a993a574-d658-40a1-9326-44b6ea53469f,0,Metrobank,"['App Stability']"
a9979014-bbf3-4382-a21e-f4e169101eb9,0,Metrobank,['Uncategorized']
a9b86ea3-9dcf-4f4d-b5f1-76c4f49a1a24,0,Metrobank,['Uncategorized']
a9c94f13-301d-4678-b4e4-3b96898a5d52,0,Metrobank,['Uncategorized']
a9d3ef89-6196-4fe1-bf79-697f20afb1fe,0,Metrobank,['Performance']
a9d9fe87-583a-406c-8a11-b11d4dbc6a70,0,Metrobank,['Uncategorized']
a9dd081a-db1d-4314-9e01-66c06c5c7f4c,0,Metrobank,"['App Stability']"
aa04e4bc-2ffd-42c8-9849-002c9aa9b84b,0,Metrobank,['Uncategorized']
aa47cfb7-d564-4a41-8f3e-82e056344ab1,0,Metrobank,"['Login/Authentication', 'App Stability', 'Performance']"
aa6c10b7-4349-42cc-8312-bc3718889c7a,0,Metrobank,['Uncategorized']
aaa288f3-9816-4c3b-a098-b7daa83458d8,0,Metrobank,"['App Stability', 'Performance']"
aaaa1654-0b47-4968-8d02-df7b22b8610d,0,Metrobank,['Login/Authentication']
aad317aa-dde5-41ba-bbd4-72c826c660b0,0,Metrobank,['Uncategorized']
aaf75847-2b71-46eb-8c55-a5d593946b9b,0,Metrobank,['Uncategorized']
aafb0e03-cd30-41ef-99b9-4b74a6ee961e,0,Metrobank,"['Transaction Failures']"
ab01756b-cbbb-4e8c-80d0-85712d575161,0,Metrobank,"['App Stability']"
ab0a1ac8-d354-4c75-a0bc-8c9311e9c12a,0,Metrobank,['Performance']
ab2a01fc-c3de-4874-983d-9c400709e36d,0,Metrobank,['Performance']
ab3c282a-ed65-4c3b-976e-296b6e5526d3,0,Metrobank,"['Login/Authentication', 'Performance']"
ab55ca67-8cda-4a41-ae07-23ffda0ff76c,0,Metrobank,['Uncategorized']
ab770fe2-412a-4f0b-ac17-62e16ea8f030,0,Metrobank,"['App Stability']"
abb45907-f8ac-405c-a38f-a5158df103a8,0,Metrobank,['Performance']
abc84a4d-dede-4928-93e9-aeff40340203,0,Metrobank,['Performance']
ac705004-8332-451b-bad7-a2d889efd892,0,Metrobank,['Uncategorized']
ac7cb405-b760-446e-bdf1-b84db3de45a1,0,Metrobank,['Uncategorized']
ac857dce-9a0a-48c8-a564-dd1e9b683974,0,Metrobank,['Performance']
aca13d9b-fd8f-45f3-ab51-6fb5a33056f9,0,Metrobank,['Login/Authentication']
ace37e97-35b0-4509-bb85-fe6363fdeae3,0,Metrobank,['Performance']
ad000ac0-fc69-4feb-865f-ec1920c76590,0,Metrobank,['Uncategorized']
ad1c10b2-ea33-4379-8159-97f2bd40b5ff,0,Metrobank,"['Login/Authentication', 'Performance']"
ad356907-21e1-4960-9659-059c41da9e43,0,Metrobank,"['Login/Authentication', 'App Stability', 'Performance']"
ad4226ec-2e5a-45dc-a0cf-0aa3ae3cc465,0,Metrobank,['Uncategorized']
ad428028-8ed8-498a-86bf-3a16fe739c9d,0,Metrobank,['Performance']
ad4af130-4a8b-4ba4-9d34-fc33271eb61c,0,Metrobank,['Uncategorized']
ad5023fa-076c-47b5-a971-67afbdbce96d,0,Metrobank,['Uncategorized']
ad67e62c-7a73-4894-9421-4b5215be2a1c,0,Metrobank,['Login/Authentication']
ad816c18-0902-477b-a3f4-6cab12b7e3c1,0,Metrobank,['Uncategorized']
ad9a7be0-40fc-4565-a1b9-aba79e8a6dac,0,Metrobank,['Performance']
ad9c49dc-969c-4dcc-9571-9e6a292580a0,0,Metrobank,['Uncategorized']
adc5664a-8945-44df-9741-3884145fb8ea,0,Metrobank,['Uncategorized']
ae28f545-506b-4238-bac7-214bc5b38e1e,0,Metrobank,"['App Stability']"
ae4c9426-e97c-421c-87f4-6a5ea708b92d,0,Metrobank,['Uncategorized']
ae54cce2-27c5-44f0-8fae-9c835fbaf0e7,0,Metrobank,['Uncategorized']
ae5719ca-4800-4f2d-8b3c-320b4847e40a,0,Metrobank,"['Login/Authentication', 'App Stability']"
ae753891-99ec-484a-96cf-cf63bcadd333,0,Metrobank,['Uncategorized']
aeafcb7d-79be-4fdc-92e3-9890d4fb23a7,0,Metrobank,['Performance']
aed492ea-af8d-44b3-84cc-2b57c097343e,0,Metrobank,['Uncategorized']
aed5af5b-f31e-4566-8e54-5fd710224f1a,0,Metrobank,['Uncategorized']
af40d596-f8df-4e79-aa81-bfd85b71e66f,0,Metrobank,['Uncategorized']
af67642e-d084-451f-bb13-bfb7622664d8,0,Metrobank,['Uncategorized']
afdb7b60-9d59-4ec0-91cd-a164339144ea,0,Metrobank,['Uncategorized']
afea8ae9-e67d-44ba-9ab7-e8f0f366270b,0,Metrobank,['Uncategorized']
affe6179-a0df-4d21-bc2b-3fee08b9342a,0,Metrobank,['Performance']
b018bd5e-a4ab-4218-9e32-b3e828ca9759,0,Metrobank,['Performance']
b0986d23-9fcc-404a-9ec5-d8791f37fead,0,Metrobank,['Uncategorized']
b0b84111-6c90-4afc-8598-960e775fc4ac,0,Metrobank,['Uncategorized']
b0c90045-7980-4c1d-bdad-1cc9ceb5582b,0,Metrobank,['Performance']
b0e01363-2817-4ad8-88e5-84e527a511d6,0,Metrobank,['Login/Authentication']
b0e772f0-cec6-48d6-a213-6039d247c861,0,Metrobank,['Performance']
b0f013d7-fdf6-482a-8082-c00062528f53,0,Metrobank,['Uncategorized']
b0f0f1ba-a9e7-4114-9c72-1db09032ae64,0,Metrobank,"['App Stability', 'Performance']"
b15095e6-9070-46ee-b0d0-5f62122bb047,0,Metrobank,"['App Stability', 'Performance']"
b155b658-722f-4514-aa74-19bcd8cad695,0,Metrobank,['Uncategorized']
b17cbcb4-fb8f-4772-926d-7fab92605897,0,Metrobank,"['App Stability']"
b19d7358-3e4f-41fa-bef1-f2090bc1faaa,0,Metrobank,"['Login/Authentication', 'Performance']"
b1a9296b-7280-4c67-bf2c-93c81c55418c,0,Metrobank,['Uncategorized']
b1dbb23e-f729-4186-929c-32ae4a5bad8f,0,Metrobank,['Uncategorized']
b215a437-b340-42dc-a049-d46efac53641,0,Metrobank,['Uncategorized']
b23c0436-51e8-4fbe-9776-7e0e5a6f93a2,0,Metrobank,['Performance']
b264e2cc-07ec-4fab-b6f5-aef5de72f43d,0,Metrobank,['Login/Authentication']
b2c37a5e-ce0b-45b0-9191-9e217b6c6998,0,Metrobank,['Performance']
b2f12055-905e-489a-aaa3-954ca9db0ed8,0,Metrobank,"['App Stability']"
b2f24896-e545-4210-8607-8d96fd862e60,0,Metrobank,['Uncategorized']
b2fb3a81-a965-4150-9424-60c5c66f0640,0,Metrobank,['Uncategorized']
b2fddaa8-9ac9-4e48-916c-71a6da5b686e,0,Metrobank,['Uncategorized']
b3014d07-96ff-471d-bdef-4fa7f000f03f,0,Metrobank,['Performance']
b337b715-302a-4b8a-9540-9edc99744e3c,0,Metrobank,"['App Stability']"
b3387ba5-4381-4b9b-b4cc-bd867a6116fb,0,Metrobank,['Uncategorized']
b3563bc9-71ad-411b-9ffc-c3cf1490d1e1,0,Metrobank,['Performance']
b37279ba-3cc6-4434-a2ee-486a6e9884bf,0,Metrobank,['Performance']
b3dfdb82-8195-46cf-bd1d-7e2af0f4ddec,0,Metrobank,"['Login/Authentication', 'App Stability']"
b3f1ae75-d135-422a-b514-094bf6ff2bfe,0,Metrobank,['Uncategorized']
b3f24d38-9686-452b-8019-b2ede09ec799,0,Metrobank,['Login/Authentication']
b4137c17-98e3-4b23-a76f-421c42d1561b,0,Metrobank,['Uncategorized']
b4288fe6-4e64-490f-aca9-9ccba2a166c4,0,Metrobank,['Uncategorized']
b4382f21-4930-4fff-b10c-b84482c83d79,0,Metrobank,"['App Stability']"
b449e2b0-6b8a-4919-adab-ba004ba109a4,0,Metrobank,['Uncategorized']
b45c6f35-1762-4003-b6f1-5f216bcec989,0,Metrobank,['Uncategorized']
b460bf3e-4c0c-499a-adc1-ce0ba2937209,0,Metrobank,"['App Stability', 'Performance']"
b4a50382-17d4-4b3d-b1b7-aa4ddac0f5d0,0,Metrobank,"['Login/Authentication', 'Performance']"
b4ba1960-fd2d-4b04-8526-5c412f0fdb78,0,Metrobank,['Performance']
b4f3ef46-1e98-4684-9c34-f650587410e6,0,Metrobank,['Performance']
b4fb2f60-9047-4571-bb48-21b5554dc1c2,0,Metrobank,"['App Stability', 'Performance']"
b529831c-d7b8-4b84-a8aa-980d96451365,0,Metrobank,['Uncategorized']
b530bd63-730f-44a0-b35b-bc68bfa5ae8c,0,Metrobank,['Login/Authentication']
b5319cd7-e269-4de5-bf3f-e605c6bbe421,0,Metrobank,['Login/Authentication']
b54892d4-18c3-4406-a6e3-3148bff1a14c,0,Metrobank,"['App Stability']"
b57d31af-5071-422d-bd64-6286fad4a153,0,Metrobank,"['Transaction Failures']"
b593603c-2513-4013-a67b-379a02ca567c,0,Metrobank,['Uncategorized']
b5978fb1-aabb-4d04-8abb-a52bd6261fd4,0,Metrobank,"['App Stability']"
b5e63eda-8049-4ad6-a8ca-3f36cafd3982,0,Metrobank,['Uncategorized']
b62013bf-1198-46fb-8b8c-c1a543c2aba5,0,Metrobank,"['App Stability', 'Customer Service']"
b632ec8a-0e73-4dcf-a21f-1dfc6fd89f06,0,Metrobank,['Login/Authentication']
b638ea20-35d9-4c64-9c9d-6299830a20da,0,Metrobank,['Uncategorized']
b64ca5b4-45ad-4d10-bdc2-ba09dcfff7f3,0,Metrobank,['Uncategorized']
b64d01e1-2532-475c-8d5d-f985d8337e36,0,Metrobank,"['Transaction Failures']"
b67a2f8c-de22-403e-a664-bb1be4cc5892,0,Metrobank,"['App Stability']"
b6978270-7c66-4ec8-a695-3b15253650c0,0,Metrobank,"['App Stability']"
b6ac1c16-aae3-4aef-ae6f-fc6b540faf02,0,Metrobank,['Uncategorized']
b6adbf28-3184-48ca-b613-471423999738,0,Metrobank,"['App Stability']"
b6b59afd-adf4-4034-a3dc-a45d03b6d3a5,0,Metrobank,['Performance']
b6c03505-7e57-41dd-ad12-736ef3e90229,0,Metrobank,"['Login/Authentication', 'App Stability']"
b6c7e5fb-b9d8-447d-9ddc-e80d157f895b,0,Metrobank,['Performance']
b703f768-0c93-44a9-9ef1-cb558f1b274b,0,Metrobank,['Uncategorized']
b71e12b0-24a6-4b6d-916f-adeca3b0e9ad,0,Metrobank,"['Login/Authentication', 'Performance']"
b7366217-e411-4c06-8ff3-ed30cf671c3e,0,Metrobank,['Uncategorized']
b7578d77-59cf-443a-abc3-77345ad50cd1,0,Metrobank,"['App Stability']"
b75d5ecc-c5b5-4619-a1a9-0e89fb1933ed,0,Metrobank,['Uncategorized']
b78cadd2-0775-49cd-8b82-5bf3f2405cec,0,Metrobank,['Login/Authentication']
b7d93315-375c-44cd-b590-1bcbfbaa381b,0,Metrobank,['Uncategorized']
b80eefb7-40fd-48fe-a879-47d449dd9f3a,0,Metrobank,"['Login/Authentication', 'App Stability']"
b88c8034-a4c4-4568-9c3b-62bbef43409d,0,Metrobank,"['Login/Authentication', 'App Stability']"
b8a002e9-5f56-4c0a-b7a2-3df29e985f92,0,Metrobank,['Login/Authentication']
b8b53670-febb-4102-991f-ff2e6ada81de,0,Metrobank,['Login/Authentication']
b92adb69-d08d-49b8-8358-5163ec33666f,0,Metrobank,['Uncategorized']
b95689dc-a1b5-42e7-8c4c-0a06b82cc14c,0,Metrobank,['Uncategorized']
b976bce0-83f5-4459-881b-595ef9c9c554,0,Metrobank,"['App Stability']"
b9bc77c2-d3d4-4746-afc6-db2f85bad386,0,Metrobank,"['Login/Authentication', 'App Stability']"
ba1479ad-1ba8-4cf2-9aa7-e944ef39f650,0,Metrobank,"['App Stability', 'Performance']"
ba290eb0-1bdd-42de-b203-62b6680d6cd8,0,Metrobank,"['Login/Authentication', 'App Stability']"
ba405f8e-5d53-42d3-aa26-2d7411834050,0,Metrobank,"['App Stability']"
ba5d6aef-3291-4abe-ac0f-4f4ab35c4684,0,Metrobank,['Uncategorized']
ba9fc7e7-0692-4153-8bf5-2189d22cfa09,0,Metrobank,"['App Stability']"
baa1ae27-fb3c-45f9-99e0-cfad9c93dfb3,0,Metrobank,['Login/Authentication']
bace85ed-3bce-43e7-969b-44e1d81dd170,0,Metrobank,"['App Stability', 'Customer Service']"
bade32fe-2230-4a5b-8ac9-624562b61b3f,0,Metrobank,['Performance']
bb0f5d86-39a7-4965-8095-17bd03c0562f,0,Metrobank,['Uncategorized']
bb14c0bc-fff5-486c-ab59-5408d8d9cd55,0,Metrobank,['Uncategorized']
bb27c09e-dea8-4d47-b258-fe8930fdcfc2,0,Metrobank,"['App Stability', 'Transaction Failures']"
bb2fd488-5b4e-4432-a5c9-66e7ad22928a,0,Metrobank,"['App Stability', 'Performance']"
bb56addb-3458-4b4b-99ec-931efb37f541,0,Metrobank,['Uncategorized']
bb85d4e0-dbdc-43aa-afaf-f3e7367f1296,0,Metrobank,['Performance']
bb8d9b1a-1f23-4a77-8148-8d5af5a8de58,0,Metrobank,['Performance']
bb918716-dced-4348-8812-76ab120c35e9,0,Metrobank,['Uncategorized']
bb938f7a-ad99-4650-9372-26646613ccc3,0,Metrobank,"['App Stability', 'Performance']"
bbb5834d-5a4e-4f15-aede-cacf3be4cf56,0,Metrobank,"['Performance', 'Transaction Failures']"
bbcfc838-6cb0-4452-ac68-10e251a9200e,0,Metrobank,"['App Stability']"
bbea407d-b42f-4a40-82db-a0396edbae3f,0,Metrobank,"['App Stability']"
bbee1e0b-ec21-4189-9d53-db6e886ba6d4,0,Metrobank,['Uncategorized']
bbf4611a-77de-4f5f-9c06-7267cc588ed1,0,Metrobank,['Uncategorized']
bc0ce0bb-4812-4aed-8e0b-b35978c15acd,0,Metrobank,['Login/Authentication']
bc25548a-bb81-4ffa-b3f8-6458ae451e08,0,Metrobank,['Performance']
bc3a19c0-52b1-4b58-98ca-f41d806a56dd,0,Metrobank,['Uncategorized']
bc4728bb-3700-4446-8270-85f52eb9e45a,0,Metrobank,['Login/Authentication']
bc63a964-73c7-4fb8-ac8e-c93f0395f727,0,Metrobank,['Uncategorized']
bc744b17-b540-4d0a-98df-2fe4b7459807,0,Metrobank,['Login/Authentication']
bcbd417d-a212-425b-b713-68718e7a59cd,0,Metrobank,['Performance']
bcc772b7-22f2-42d2-b19a-e881eb1e841d,0,Metrobank,['Login/Authentication']
bcec5370-c9c9-4650-b602-fcbb737bbcfa,0,Metrobank,['Uncategorized']
bd3485b7-9668-410e-b3a8-94f52ce8e3a7,0,Metrobank,['Performance']
bd6ad949-c276-4c78-aecf-c601e824f6f3,0,Metrobank,['Uncategorized']
bd82396a-3d09-44a1-b288-1eac951d40c6,0,Metrobank,['Uncategorized']
bda40954-9533-450b-bc8d-b29320d010ed,0,Metrobank,['Uncategorized']
bdbcc8c7-0e80-40a3-9d65-2e3da73ab4d2,0,Metrobank,['Performance']
bde619e5-c68d-49a9-b087-7a71ef1abb9b,0,Metrobank,['Uncategorized']
be009eca-7b2b-47bf-8c32-f857f24d820d,0,Metrobank,['Uncategorized']
be401f0a-0e2a-4c30-b150-9b37a504b8b7,0,Metrobank,['Uncategorized']
be6dfdac-962b-4f48-82e2-a9d404fca40b,0,Metrobank,"['App Stability', 'Transaction Failures']"
be936c64-3749-4daa-a94d-aa6746c0e75b,0,Metrobank,['Uncategorized']
beb27613-4dbf-446f-b5ae-9e2671e3f8f0,0,Metrobank,['Uncategorized']
bec45992-3dab-4ee1-9024-28b2642bfe54,0,Metrobank,['Uncategorized']
bef42736-2978-47bf-bc25-3edf726c6079,0,Metrobank,['Performance']
bf466d3a-9f98-4d2d-9ad8-210db517a5b7,0,Metrobank,['Uncategorized']
bf6464ec-936e-4e6f-871e-c6b2cb5ef089,0,Metrobank,['Uncategorized']
bf6c4389-b2da-4fe3-a4f6-e8912857051e,0,Metrobank,['Uncategorized']
bf75e350-9423-4ef7-88cb-f87d058940c9,0,Metrobank,"['App Stability']"
bfb0b4a9-6b7d-41c7-9fe0-54c8eacc20bc,0,Metrobank,['Uncategorized']
bfc90b57-8de2-4d19-8b0b-18bcb513bbb0,0,Metrobank,['Performance']
c008de19-d9e6-4338-bc9e-06701b003888,0,Metrobank,['Uncategorized']
c0180815-5c50-4886-9e3d-cb7469e6cffe,0,Metrobank,['Uncategorized']
c056b957-3e70-41ad-8144-82f44bbf0221,0,Metrobank,"['App Stability', 'Performance']"
c06db879-410f-4b2a-88b8-2fb61c75929d,0,Metrobank,['Uncategorized']
c089bef9-be89-4c94-b92b-38eab7a3ee2e,0,Metrobank,['Performance']
c10bc124-0fe8-4500-92fa-512b54c326f5,0,Metrobank,['Uncategorized']
c1495f91-9722-499a-98b9-c8f267a3eee4,0,Metrobank,['Performance']
c159af3a-abcb-4061-8efe-f1d4b438dc62,0,Metrobank,"['Login/Authentication', 'App Stability', 'Transaction Failures']"
c1777fad-ce61-43db-82a3-d34bfefbd44d,0,Metrobank,"['App Stability']"
c17d7751-8da6-4f1b-833e-f1fc7bee7c1f,0,Metrobank,['Login/Authentication']
c181b3ba-27dc-425d-be59-f70db42751ea,0,Metrobank,"['App Stability', 'Performance']"
c189191b-93ef-4f72-93eb-0859930e0904,0,Metrobank,['Login/Authentication']
c1955eeb-a49a-4b54-9ce9-1c16121b0a50,0,Metrobank,['Performance']
c1fe6b34-f819-4e01-b2e3-cfbf63cd56dc,0,Metrobank,['Uncategorized']
c286c233-9aca-47d1-aced-69719113ac59,0,Metrobank,['Uncategorized']
c292b5bf-86ec-4e2c-8f84-8ad88cf3dc82,0,Metrobank,['Uncategorized']
c2a4f7bf-beb7-4aed-a223-12bddd375449,0,Metrobank,"['Login/Authentication', 'App Stability']"
c2a72cff-1444-4067-b015-955e515e3d48,0,Metrobank,['Uncategorized']
c2e79681-b3b2-48fa-a2fc-7112da65a4ce,0,Metrobank,['Uncategorized']
c2e9500e-e63c-4dd0-bd6c-25b3513a1e33,0,Metrobank,"['Login/Authentication', 'App Stability']"
c2f63a0c-ca81-46ee-812e-438488d74757,0,Metrobank,['Uncategorized']
c30c27d7-076b-46b0-9843-72675e6bb065,0,Metrobank,"['App Stability']"
c31b63ca-ced6-436f-a1ab-2a0b04af121c,0,Metrobank,['Uncategorized']
c35f33a7-f577-4497-b94b-b4be94301e56,0,Metrobank,['Uncategorized']
c3747202-77a4-4c5f-b23c-1442de69f733,0,Metrobank,"['Login/Authentication', 'App Stability']"
c3c2fee3-1099-4c83-97aa-7d52b1ad945a,0,Metrobank,"['App Stability']"
c3f42573-52d9-47ee-8216-5b0d1e8e5c20,0,Metrobank,['Uncategorized']
c4119a2d-08b6-4c30-9f51-08f6a4a6b6bf,0,Metrobank,"['App Stability']"
c41893ea-e0ae-40d8-a422-d799e5d920b9,0,Metrobank,['Uncategorized']
c4318614-95ce-4483-b54c-1bb4fb1d355a,0,Metrobank,['Uncategorized']
c45036e5-7eac-4857-a7f1-86d78a8a18d2,0,Metrobank,['Uncategorized']
c466c1df-2b40-4c59-8656-9c0bd9f02528,0,Metrobank,['Uncategorized']
c483335c-622c-4f61-a19a-90d4a8764cb0,0,Metrobank,['Uncategorized']
c48aad33-e624-485e-9bdd-79a6b7a0c347,0,Metrobank,['Performance']
c48d2934-f75e-446c-ba7d-b6bab13adee5,0,Metrobank,['Uncategorized']
c49a89c3-1c5e-46f5-bc46-6cdb24dd343a,0,Metrobank,['Uncategorized']
c4a0407a-b373-4c51-af1e-676f9d05dba3,0,Metrobank,['Uncategorized']
c4bd3945-89f0-49b9-9496-d12a94e5137c,0,Metrobank,['Uncategorized']
c4e9f97b-67d6-47a2-8b57-b957edfcb0e5,0,Metrobank,['Uncategorized']
c52fc180-76ce-4c4a-9d7b-7e76f655548b,0,Metrobank,"['App Stability']"
c547fb4e-1995-499f-974c-eb5e71247bd3,0,Metrobank,['Uncategorized']
c5494180-c200-4bda-9fe9-46d549bdaeeb,0,Metrobank,['Uncategorized']
c54dfef3-52a5-4d73-9127-9c4ccfc1a94c,0,Metrobank,['Uncategorized']
c58bdae8-2867-4b29-b651-97f8fbc727e5,0,Metrobank,['Login/Authentication']
c58d9c74-0533-47c5-8a92-ae16c5849013,0,Metrobank,['Uncategorized']
c58d9eba-508c-40d6-be0f-35dbf0ad3416,0,Metrobank,"['App Stability', 'Performance']"
c58daa6f-1cdf-4fe5-a564-4216a39c7ab3,0,Metrobank,"['Login/Authentication', 'Performance']"
c59cb32e-fdce-4a6a-95ae-e00c5f884b23,0,Metrobank,"['Login/Authentication', 'Performance']"
c5c6678d-edd7-42e4-9067-c671a2f2e5d3,0,Metrobank,['Uncategorized']
c5d2d450-39a6-42db-a9bb-e0f3eaaf1d38,0,Metrobank,"['App Stability', 'Performance']"
c5d6c141-827d-4d11-bdcb-220a4a09a967,0,Metrobank,['Uncategorized']
c5d734c4-d8a2-44e6-9b3d-ad6a9d447242,0,Metrobank,"['App Stability']"
c60af19a-355d-466f-b2b8-afe6d6cae4fe,0,Metrobank,['Uncategorized']
c62ae51b-7d97-4cac-98fd-7d17001ba776,0,Metrobank,['Performance']
c62fdafa-a29c-4410-af56-1f99a1ee5c10,0,Metrobank,['Uncategorized']
c6371c1b-5770-4337-8ee0-3bd22454b4e7,0,Metrobank,"['App Stability']"
c67c1249-be0f-4122-8ba4-be1579149d27,0,Metrobank,"['App Stability']"
c67d2fe8-63ad-4725-afc5-55216d34e4ab,0,Metrobank,"['Transaction Failures']"
c6963d11-77e9-4434-a969-380ae09a31fa,0,Metrobank,"['App Stability']"
c6dbcb51-7cee-4861-b009-79e62e0b3e72,0,Metrobank,['Uncategorized']
c6fcdc33-800d-482b-8744-08e2aa7750d7,0,Metrobank,"['App Stability', 'Transaction Failures']"
c716cf5e-76a4-4339-8ff3-ce7c4d092d7d,0,Metrobank,['Uncategorized']
c7280f69-c7c2-41c5-8ed3-389f89b13484,0,Metrobank,['Uncategorized']
c74f62b4-9276-46b7-b3b1-4c8486eeb823,0,Metrobank,['Uncategorized']
c750d7e0-cd93-4484-8f20-557212f45d44,0,Metrobank,['Performance']
c76a5779-3d9d-40f7-b96e-30957dac5aa2,0,Metrobank,['Uncategorized']
c78b9897-1606-482e-b3e4-c95e3e01eb83,0,Metrobank,['Login/Authentication']
c7aa4c0e-d76d-410d-9bfe-4bce66f65558,0,Metrobank,['Uncategorized']
c7b63d42-164d-4e3c-9625-de517a9c984e,0,Metrobank,"['App Stability']"
c7be90b2-4bef-4aa3-9248-187b5c29ddec,0,Metrobank,['Performance']
c7c263ce-7cbb-41bb-b401-cae71a355f78,0,Metrobank,['Uncategorized']
c81b6d30-d1a6-4c8c-b697-eb784edb2f59,0,Metrobank,['Uncategorized']
c81c4d74-d44c-4a2d-a0dc-cd96f740fac1,0,Metrobank,"['App Stability']"
c829743d-73bd-4588-be3f-8fb5e977e5e9,0,Metrobank,['Uncategorized']
c82fe09c-3186-489f-beca-18c04c04402f,0,Metrobank,"['App Stability', 'Customer Service']"
c8509646-afcc-4595-b713-044298d8e65c,0,Metrobank,"['Transaction Failures']"
c85a31c9-be3c-4ff8-b114-05d575bdd148,0,Metrobank,['Uncategorized']
c8714a73-3f17-4429-9cd8-3bc4a534690e,0,Metrobank,"['App Stability']"
c8d101eb-06c3-4ff3-b058-168f9a144c25,0,Metrobank,['Uncategorized']
c8d6815a-b69e-4530-bb63-ce20de1a29c8,0,Metrobank,['Login/Authentication']
c8d87ff6-1133-4f11-974a-f614d375b752,0,Metrobank,['Performance']
c8dbbac0-c20c-40f3-93ae-7e6a1168bd48,0,Metrobank,"['Login/Authentication', 'Transaction Failures']"
c8dcc231-b7bd-47f8-8d68-fcf24f3eeee5,0,Metrobank,['Performance']
c927d9fe-44b1-41cc-acb2-f13c1fcbaeb0,0,Metrobank,['Performance']
c94a66d7-43c1-4302-9bd1-505a5739f6e7,0,Metrobank,['Uncategorized']
c95bc16e-9996-424c-9b5d-da115ac46423,0,Metrobank,['Uncategorized']
c963ad06-17a2-40e0-9063-19662d45a29c,0,Metrobank,['Uncategorized']
c96c0d47-9d66-48d8-bdf3-fc132a73fe56,0,Metrobank,"['Login/Authentication', 'App Stability']"
c96f27f1-0fb3-48ac-b093-829ef1445ec8,0,Metrobank,['Uncategorized']
c98b3322-06d3-43c6-a364-2e9f0c7f6706,0,Metrobank,['Uncategorized']
c998ec5f-4c88-414d-a010-c624d4dfb0ff,0,Metrobank,['Uncategorized']
c99fa9a8-0a90-470d-8ff3-0952e1a4a8f0,0,Metrobank,['Uncategorized']
c9b16448-eaaf-41df-899a-ffcb7d4b4d31,0,Metrobank,"['Login/Authentication', 'Performance']"
c9b9f79f-91cf-42d4-b780-60510ee8cc03,0,Metrobank,['Uncategorized']
ca2ae82b-a8f9-431a-bf25-6825383ec4a0,0,Metrobank,"['App Stability']"
ca35b443-3bbc-4770-9e82-a5248fd8fe67,0,Metrobank,"['App Stability', 'Performance']"
ca775efb-7671-4d09-89f1-03a12b38dbd8,0,Metrobank,['Uncategorized']
ca80a374-bfc4-4546-813f-508672c33d2c,0,Metrobank,['Login/Authentication']
ca9609ac-a542-4be7-9a84-38a8f0374bd6,0,Metrobank,['Performance']
ca9be93f-c064-4522-b00a-0c8b0c3722cf,0,Metrobank,['Uncategorized']
caa37374-2abf-4420-ab21-4f642043cfe1,0,Metrobank,['Performance']
cabd3d25-1548-4347-a8eb-37f7b9a23975,0,Metrobank,['Performance']
cb06d941-d1dc-496b-b3ce-c37ee57e7c8e,0,Metrobank,['Uncategorized']
cb4379b4-6a4d-4378-b08d-ea836247bcdd,0,Metrobank,['Login/Authentication']
cb7c601e-85b8-46eb-8f58-66888efa72cd,0,Metrobank,['Login/Authentication']
cb9d3ee7-2b9f-481d-89f8-4bd44ce6c9bc,0,Metrobank,"['App Stability', 'Performance']"
cba663b1-380a-41e1-a827-dbcc0fd401ad,0,Metrobank,['Uncategorized']
cbc4b7a7-6ec9-470a-a7c3-15ccd24f4922,0,Metrobank,['Uncategorized']
cbd1180e-6379-4c20-9b36-de64b987cd05,0,Metrobank,['Performance']
cbd21e9a-1664-46bd-834d-bfcefc41b7c5,0,Metrobank,['Uncategorized']
cbf0d1ce-e0bc-4b2a-babe-bcab1caa9738,0,Metrobank,['Uncategorized']
cc01565e-745f-4ea6-9780-70334b93d615,0,Metrobank,['Login/Authentication']
cc2975c0-8313-420e-99b0-229951cea808,0,Metrobank,['Performance']
cc2cd6e3-bae7-4032-bb45-7744254b24bc,0,Metrobank,['Uncategorized']
cc6c3e09-710d-447f-8982-d22a20bc1e2a,0,Metrobank,['Uncategorized']
cc76ecb1-4dcc-40c4-9f11-1ba3395ebb90,0,Metrobank,['Uncategorized']
cc7ad7a2-980f-4d6f-bd00-bcc5fdcdfddc,0,Metrobank,"['App Stability', 'Performance']"
cc9d5462-e1c1-42cd-8aa5-de11fbba6a1f,0,Metrobank,['Login/Authentication']
cd096990-ddfe-4f0c-a548-67ae6715309d,0,Metrobank,['Performance']
cd10caae-6605-4944-a8b5-0e9a5bd5b2d5,0,Metrobank,"['App Stability', 'Performance']"
cd1b6717-8050-43fe-8dbe-43365488ac80,0,Metrobank,"['App Stability', 'Performance']"
cd7c2fae-cfef-4aa2-9ae9-b91107d176e3,0,Metrobank,['Uncategorized']
cdaf3473-471b-4e01-b4b7-41948863eb06,0,Metrobank,['Uncategorized']
cdb3b2aa-fb8b-4e34-b164-ff3b342fa58f,0,Metrobank,"['App Stability', 'Performance']"
cde443e7-017e-4f3e-a792-b0012ad32542,0,Metrobank,['Uncategorized']
cde99b70-aa72-4b97-8e3b-79cfe203cbea,0,Metrobank,['Performance']
ce1ffc97-1de0-4ca3-8421-548e429b3517,0,Metrobank,['Uncategorized']
ce4246c4-df92-4892-ab09-10b7fcac5e55,0,Metrobank,"['App Stability']"
ce5204a8-96bc-4ff9-b44c-646705629303,0,Metrobank,['Performance']
ce86a501-fe68-4835-8608-95cebfc582a6,0,Metrobank,['Performance']
cea2d1a5-e5ae-49b9-b86d-18fb3895cb51,0,Metrobank,['Uncategorized']
cec1ed74-600b-4a24-876e-8a19f9cb24dc,0,Metrobank,['Performance']
cede6590-93e6-4734-b8a8-5bf4f05954da,0,Metrobank,"['App Stability']"
ceec299d-e46a-4333-b068-5a6fbb0bb62a,0,Metrobank,['Uncategorized']
ceedfebf-0de9-486b-8beb-a09d77bf5e42,0,Metrobank,"['Transaction Failures']"
cf120d3b-7722-46e8-849c-c3a6b6cb0d72,0,Metrobank,['Uncategorized']
cf2428c1-c62f-4cab-b21e-3eb2423ef691,0,Metrobank,['Uncategorized']
cf318be5-a88e-4b42-8f2f-a452577ad319,0,Metrobank,['Performance']
cf37b7f7-14fd-4abb-a110-d1755776995f,0,Metrobank,['Uncategorized']
cf43fa1b-55eb-47a3-8c7d-8f17d06bcbb9,0,Metrobank,['Login/Authentication']
cf5e7c39-2c12-4ac6-926c-39455567d2f0,0,Metrobank,['Performance']
cf7f4491-3b80-4865-8f24-2a667837a8ee,0,Metrobank,"['Login/Authentication', 'Performance']"
cf8b9d92-baf2-42a9-a3ca-71b042c7184d,0,Metrobank,['Performance']
cfabd28a-6ced-48d6-bc0e-108f4d3e8faf,0,Metrobank,"['App Stability']"
cfb19dbb-83f0-49c0-a629-5b2d85e9fd28,0,Metrobank,"['Login/Authentication', 'Performance']"
cfbd0acd-3009-4fc3-95ca-87f59b5bab5c,0,Metrobank,['Performance']
d019568c-c204-47fb-97b2-ee14dae06ab6,0,Metrobank,['Uncategorized']
d023ec32-48f3-45b6-a1b9-c7c4a10e9ebe,0,Metrobank,['Uncategorized']
d0277d58-d74a-4dca-b9c3-d8a75da1ffb7,0,Metrobank,"['App Stability']"
d078ec86-7ebb-4afe-9869-32606b9d1d01,0,Metrobank,"['App Stability', 'Performance']"
d08257fd-4ce9-49bb-afb4-a949b89e1bcb,0,Metrobank,['Performance']
d092f7b4-c6e1-4e34-9510-bd2805f7c2da,0,Metrobank,['Uncategorized']
d0a4b261-d981-41dc-91b5-2da908dbb952,0,Metrobank,['Uncategorized']
d0e380f1-a5a0-4d11-94df-21f1c32e9e67,0,Metrobank,['Uncategorized']
d122fedd-e3be-4703-b850-c385add6fd05,0,Metrobank,"['Login/Authentication', 'Transaction Failures']"
d12da11b-c57e-4014-9101-813253cf0cdb,0,Metrobank,['Login/Authentication']
d134201d-0a1f-48a4-917b-df6e98f367e5,0,Metrobank,['Uncategorized']
d1653c92-c3fb-4416-8c1b-f0a46b1e12b4,0,Metrobank,['Uncategorized']
d173c8b7-abec-411b-8704-0a24f5477849,0,Metrobank,['Uncategorized']
d179e330-0f32-4484-a22d-98ed01c5e974,0,Metrobank,"['App Stability']"
d1b928bd-8f91-42e2-af3e-3f490bdabafb,0,Metrobank,"['App Stability']"
d1c2549f-d919-4daf-9200-b86e0859d256,0,Metrobank,['Performance']
d1c30f85-7ac5-4cae-9124-17d952a059bf,0,Metrobank,['Performance']
d1c6e4e8-aed9-46ad-9965-a9b3a48ebb96,0,Metrobank,['Login/Authentication']
d1eac8b1-31b9-46ce-bd9a-5f6a88ee00a4,0,Metrobank,['Uncategorized']
d270667c-70db-4b73-b26d-c52a61e1afa3,0,Metrobank,['Uncategorized']
d2b3d9a9-a3f8-456f-9243-aec501438c16,0,Metrobank,['Uncategorized']
d2b6f4b5-bf9e-4cc6-82f7-ccbc76b69b8b,0,Metrobank,['Uncategorized']
d2bf3d4a-096a-4144-8662-f449c385e496,0,Metrobank,"['Login/Authentication', 'Transaction Failures']"
d2c10aa2-dab0-4806-bcca-ce7b96e3218d,0,Metrobank,['Uncategorized']
d30fa9cc-5292-4958-989d-4f120037cd9f,0,Metrobank,['Performance']
d3178346-1e9a-41e3-8aac-a548cb969434,0,Metrobank,"['App Stability']"
d324855a-568b-4b88-9d13-39fee06ed3a9,0,Metrobank,['Performance']
d32f5807-8728-4cb4-ba0d-5bf21f72a015,0,Metrobank,['Performance']
d353b628-f5a6-4242-90f3-da47971dd53f,0,Metrobank,['Performance']
d3675414-62b4-425f-8e66-d5ce4fd5dca6,0,Metrobank,"['Login/Authentication', 'Performance']"
d37ad510-a927-4ada-8a1f-6cba1bccfdb3,0,Metrobank,['Login/Authentication']
d38063ac-cbb7-4cc4-b8c9-cbf15457876b,0,Metrobank,['Uncategorized']
d38c80ce-8e10-4acc-9643-44c8326a87cf,0,Metrobank,"['App Stability']"
d394e10e-9df0-4f2e-8c03-af5960f14735,0,Metrobank,['Uncategorized']
d398b5ea-6a7b-4689-9885-0eda2ca98ce5,0,Metrobank,['Uncategorized']
d3b2b204-733b-4441-98b6-065621b75ed2,0,Metrobank,['Uncategorized']
d3dbf999-b2cc-4d94-b584-bb541b17ce54,0,Metrobank,['Login/Authentication']
d3ee99bf-0aa0-4e93-8b99-6463ae81b5e3,0,Metrobank,['Uncategorized']
d3f8428f-ab31-48cd-8c9d-3fa76228576f,0,Metrobank,"['Login/Authentication', 'Performance']"
d418d62e-630c-4058-ab38-8c98262ed038,0,Metrobank,['Uncategorized']
d41bbd37-6e4f-4d0d-a21e-52e34dcd4529,0,Metrobank,['Uncategorized']
d424c9a9-a80e-4772-940e-83f34013ee6e,0,Metrobank,['Performance']
d427edc5-6ca9-416f-850b-c05a84c2404b,0,Metrobank,['Login/Authentication']
d42dd023-18e6-4cfe-ab0a-cc5c169caa5d,0,Metrobank,"['Login/Authentication', 'App Stability', 'Performance']"
d43c37e4-7d06-4eb0-b907-37f8152739c4,0,Metrobank,"['Login/Authentication', 'App Stability']"
d43f94d5-01aa-4530-a3f4-f8caabaf1c5b,0,Metrobank,"['App Stability']"
d45c4d78-c43b-4883-b6e3-eaea0cc2017f,0,Metrobank,['Performance']
d4b5a73b-ddcb-4728-8e36-c9e1f553959f,0,Metrobank,['Uncategorized']
d4cbc7da-5b85-49f7-bc79-6d363f3149a4,0,Metrobank,"['App Stability']"
d4dd9af3-c881-4aaa-a467-f8460224b162,0,Metrobank,['Login/Authentication']
d4eb2e1a-e4b4-492a-bae6-5fa4ce95bacc,0,Metrobank,['Uncategorized']
d4eb4060-877b-4a64-b220-d216fe7f001f,0,Metrobank,['Login/Authentication']
d50a1f07-4267-4bea-8072-57b4aedd1903,0,Metrobank,['Uncategorized']
d51a577e-93d1-422f-92bd-c5a6502f7903,0,Metrobank,"['Login/Authentication', 'App Stability']"
d578da73-591a-41f3-a303-6a768ee199e9,0,Metrobank,['Uncategorized']
d5cf30d5-6519-4aab-b509-e6c35135e6de,0,Metrobank,['Performance']
d5d4540b-4944-4a70-b98e-40f61df79755,0,Metrobank,['Uncategorized']
d60567c1-32d4-43c2-b566-37b1f2589c49,0,Metrobank,"['App Stability']"
d60dd7f8-d345-4ece-949c-1312cc20467e,0,Metrobank,"['App Stability']"
d627c508-949d-4bda-a57c-f3aaf89bc478,0,Metrobank,"['App Stability']"
d634d1b7-8f90-4869-bf69-36b5bbba17e5,0,Metrobank,['Performance']
d66af7f1-0aa7-4917-ae6d-ecde1f7bee4c,0,Metrobank,['Performance']
d67ba70d-a7e1-4397-8678-0edef5668c73,0,Metrobank,['Uncategorized']
d6866493-1069-40b9-b827-8995527a962f,0,Metrobank,['Login/Authentication']
d6b8ecf3-e072-4617-b3ff-3b0b4eeacba7,0,Metrobank,['Uncategorized']
d6bf0052-ac1d-4a9f-a076-f560ede33f64,0,Metrobank,"['App Stability']"
d703a939-32c1-4757-86f6-4f2876aba128,0,Metrobank,['Uncategorized']
d703aa26-9a8b-431c-9108-6b486a295890,0,Metrobank,"['App Stability']"
d70ec629-e2cd-4447-a11b-72c79dad6470,0,Metrobank,"['App Stability', 'Performance']"
d70edf32-91fc-4936-a652-46cb9cb2a219,0,Metrobank,['Login/Authentication']
d7327192-bdff-40f6-a4f1-cf4dbe6d1bac,0,Metrobank,['Uncategorized']
d7579496-2a3a-4129-9297-3062678c993c,0,Metrobank,['Uncategorized']
d7760de2-6660-42aa-b99d-c9aa2e6db40a,0,Metrobank,['Uncategorized']
d7b28ff6-db00-4f24-94f3-b74c33a63596,0,Metrobank,['Uncategorized']
d7d6e770-7c93-4b4e-8312-00974953200a,0,Metrobank,['Performance']
d80a0c21-3bff-4e8d-a27d-791101bf0dde,0,Metrobank,['Uncategorized']
d80a8d35-268c-445c-ae81-7a653e288da9,0,Metrobank,"['App Stability']"
d8309bf5-8484-470e-a034-bea355323710,0,Metrobank,"['Login/Authentication', 'App Stability']"
d83680b9-bb90-4153-820f-69a9c0a08c4c,0,Metrobank,['Login/Authentication']
d8370432-d45d-48c6-8147-1ecb9786f086,0,Metrobank,['Uncategorized']
d85a3a29-96c5-4ccc-a107-ee7b62c560cf,0,Metrobank,['Uncategorized']
d87716c1-004d-4642-b328-ba2a49254018,0,Metrobank,['Performance']
d89b0bfb-47ed-40d9-b4ba-d4f1b68475af,0,Metrobank,['Uncategorized']
d89b66ea-56c0-4542-aec4-dce374e5b8a8,0,Metrobank,['Login/Authentication']
d8dc3c42-b355-4f48-8b95-15fe8ebe9537,0,Metrobank,['Uncategorized']
d8def110-92c7-4367-a60e-eff61cad2b40,0,Metrobank,['Uncategorized']
d904cf55-e581-4a5a-8c5e-857463031487,0,Metrobank,['Login/Authentication']
d9055324-b5e4-4efe-a317-60bf1bbc6edb,0,Metrobank,['Performance']
d92607a1-8bfc-4f4e-8bf6-8d3f57d7232e,0,Metrobank,['Uncategorized']
d92f7f7d-4178-4340-85bf-8b822aecbb5e,0,Metrobank,['Performance']
d9a615ae-d535-4163-a0cc-ffb5854c14bc,0,Metrobank,['Uncategorized']
d9a981e0-0618-4718-863a-3dd374c3bbea,0,Metrobank,['Uncategorized']
d9aead10-1d0a-4300-b29c-d9c00d571582,0,Metrobank,['Login/Authentication']
d9b6aec1-3675-46df-93a0-6fdf9fde19b3,0,Metrobank,"['App Stability']"
d9c89075-b69d-49ac-ae86-dc3b2d9763d3,0,Metrobank,['Uncategorized']
d9ea79ae-b897-4292-a163-48bfa6a10b3d,0,Metrobank,['Uncategorized']
d9f273bd-e5c2-489b-ae2a-3d2500d75cea,0,Metrobank,"['Login/Authentication', 'Performance']"
da12517f-01a8-4ae1-9e97-7e139a45fca0,0,Metrobank,"['Login/Authentication', 'App Stability']"
da372168-238f-48ba-865e-33867cea060c,0,Metrobank,"['App Stability']"
da873e82-42d1-414c-8258-7aa3aa48be10,0,Metrobank,['Performance']
dab19088-a41c-4e90-a608-1f5634181a6b,0,Metrobank,['Uncategorized']
dabddbe7-da67-4879-aa4e-f5f25eb33d3c,0,Metrobank,['Uncategorized']
dad4713e-35f8-461a-b04a-eea38f395693,0,Metrobank,['Uncategorized']
dadbb7c5-1674-4d5e-aa6f-a394d20b8ecf,0,Metrobank,['Uncategorized']
db0b2527-0bb4-4c6f-b928-a84960d3be5a,0,Metrobank,['Uncategorized']
db2b5a15-f985-4866-aee1-d5af4c560e9d,0,Metrobank,['Uncategorized']
db3c429c-fa60-42b4-a308-c833354b793c,0,Metrobank,['Uncategorized']
dba42eaa-d300-46f2-80a4-2bf1a84aa642,0,Metrobank,"['App Stability', 'Performance']"
dbb43a1f-ef43-4b0c-9900-f8ff3a8b270b,0,Metrobank,['Performance']
dc18f36f-4350-4057-a2da-0da02a217550,0,Metrobank,['Uncategorized']
dc209b8f-e50c-483d-85dc-d59320db42fd,0,Metrobank,['Performance']
dc270198-a157-476a-84b4-d344e63839eb,0,Metrobank,['Uncategorized']
dc376aa6-2eea-47c5-bae5-8fc48b790303,0,Metrobank,"['App Stability']"
dc4f220c-64c0-45a1-8ea1-01a3b25eaa90,0,Metrobank,['Uncategorized']
dcdc9801-d6d3-4c40-a912-485c7cc558b8,0,Metrobank,['Uncategorized']
dce6f58b-71be-4b36-97b3-063f41ca17de,0,Metrobank,['Uncategorized']
dcefb152-17a4-4cd7-ae7d-a5c775807d3f,0,Metrobank,['Performance']
dcf5d569-aa65-4937-85bb-ca5c793bad87,0,Metrobank,['Uncategorized']
dcf70ae6-ff60-4de0-8f4e-fa58fbc453de,0,Metrobank,['Uncategorized']
dd066182-e54a-4bbc-b3db-b67ba9532b92,0,Metrobank,"['Login/Authentication', 'Performance']"
dd19e028-81b1-44b3-bc13-fb967aa8c104,0,Metrobank,['Uncategorized']
dd383a72-1111-4c3b-993f-4243ff6bd0a9,0,Metrobank,['Uncategorized']
dd757bf2-d454-4b12-86e1-ede8d25eefa1,0,Metrobank,['Uncategorized']
dd7b4d8b-b44b-4710-8ba9-5c9d73f651bb,0,Metrobank,['Login/Authentication']
dd7e4e51-b671-46f8-8c76-bd060fa10e69,0,Metrobank,['Login/Authentication']
dd82f14b-5948-41fc-bd97-e23967768139,0,Metrobank,['Performance']
ddc88824-7ad9-49be-bef0-727b5ad07858,0,Metrobank,['Uncategorized']
dde609ff-0db4-4a5a-bb28-0692c57382df,0,Metrobank,['Uncategorized']
de27b28b-e995-4ef6-9688-24eacb92cbec,0,Metrobank,['Uncategorized']
de3a1f97-4505-4581-aec6-b9e05b35657f,0,Metrobank,['Login/Authentication']
de4e17bf-94ae-48ab-ae90-62d47721ec29,0,Metrobank,['Uncategorized']
de875971-7888-4206-9a97-4eb08331b1c9,0,Metrobank,['Performance']
deb37b9c-a0c7-4a22-b709-46b5e488e11c,0,Metrobank,['Uncategorized']
debe33bb-8247-46f2-8ae8-c33622485983,0,Metrobank,['Uncategorized']
dee614be-c4ec-46e2-8770-ddcae703a3ec,0,Metrobank,"['Transaction Failures']"
df1ce594-608f-4571-82e7-afb6b3321b8e,0,Metrobank,['Uncategorized']
df250a70-5753-4d50-a5ec-c40e1c79cfbb,0,Metrobank,['Uncategorized']
df284f9c-21a2-4713-9b7b-af9a49c91b48,0,Metrobank,['Login/Authentication']
df2ba80e-eb24-4ef1-a88d-9b0aec2b161a,0,Metrobank,['Performance']
df3cfcd2-8bfd-4dfd-86a1-9334cf5c8d0f,0,Metrobank,['Performance']
df530429-e8d9-4ac9-ad09-de85f1c69dfd,0,Metrobank,['Uncategorized']
df7ec0c4-3ace-410f-93d0-8b98ee7104b7,0,Metrobank,['Uncategorized']
dfbda35f-dfed-43f0-bec1-d75c3f3381a5,0,Metrobank,['Uncategorized']
dfcf6841-ad93-4195-acfd-ccb0fcfcbd0c,0,Metrobank,['Uncategorized']
dfdc010c-0086-48f2-ba54-f9dae7a94e06,0,Metrobank,['Login/Authentication']
dfe87536-f5c6-4e7d-888a-9ecbcdb3a3fa,0,Metrobank,"['App Stability']"
e007bd98-a74c-4d55-9d5e-1e0d14d6c338,0,Metrobank,['Login/Authentication']
e055d5a7-7fa7-4fc2-b6b9-516fc3ca94f4,0,Metrobank,['Uncategorized']
e05e0cb3-139e-4d78-a256-225d4a37539e,0,Metrobank,"['App Stability']"
e05fa2ac-2977-48ff-a5b7-bed063d08128,0,Metrobank,['Uncategorized']
e072db7c-f8d8-4389-a26c-5564b7b3b0bb,0,Metrobank,['Uncategorized']
e07f56f8-ed3b-4290-9bc6-80ef5cb1202c,0,Metrobank,['Uncategorized']
e08fa37b-a553-419c-9b12-3308abd42ceb,0,Metrobank,"['App Stability', 'Performance']"
e0910197-a2d3-4cd4-879f-558851535f69,0,Metrobank,['Performance']
e0a0979e-1469-45ce-bf58-6d4ac0543acb,0,Metrobank,['Performance']
e0a0de53-c69f-4c6a-b954-019931ec45ac,0,Metrobank,['Uncategorized']
e0c85874-36d2-47fd-817d-d02df0aeb6a3,0,Metrobank,['Uncategorized']
e16445eb-aa3e-43e8-92c0-2b5e5fac50d6,0,Metrobank,['Uncategorized']
e1867096-c8e8-4e4e-9b73-e9edce4a9d8c,0,Metrobank,['Uncategorized']
e1d0d4a7-a863-45c1-9dc0-a5aabc0a6163,0,Metrobank,['Performance']
e1d14bd3-dffa-4fc8-8869-f6d9d0541cab,0,Metrobank,['Uncategorized']
e1da95a9-4c1e-407c-bdc6-1aa3135c9e0d,0,Metrobank,"['App Stability', 'Performance']"
e1e81791-ce06-421b-9148-a7206f4cb5e2,0,Metrobank,['Login/Authentication']
e1f9d079-c8c3-4163-bbf5-a2f7304dc813,0,Metrobank,"['App Stability']"
e1fe3152-7c7b-4c32-ac47-159b66d851c4,0,Metrobank,['Uncategorized']
e24142e5-e515-45e5-8ea2-8721a9d618d3,0,Metrobank,['Uncategorized']
e24e43a1-84de-4d22-a7c1-e7caa71858b5,0,Metrobank,['Uncategorized']
e25a5d31-2606-43b8-a89b-e216648381ba,0,Metrobank,['Uncategorized']
e273b2ea-00b6-4050-8af4-53dc8da742cf,0,Metrobank,['Uncategorized']
e289df5c-aaaa-4316-bfb6-7e7930bca1b8,0,Metrobank,['Uncategorized']
e291164b-84f4-4f3a-9912-9ff7a59f3a6d,0,Metrobank,['Login/Authentication']
e2986000-3ba9-4404-8ee3-e1e2a66ccdb1,0,Metrobank,['Uncategorized']
e29f5b58-e7c3-440a-8dcd-8c5544d43681,0,Metrobank,['Uncategorized']
e2a0eec0-07c0-477d-bbc9-f023b91ec1f3,0,Metrobank,['Login/Authentication']
e2ab8fe3-6b6d-430c-b490-7ae0c93b6554,0,Metrobank,"['App Stability', 'Performance']"
e2af6473-3b73-45ee-97d5-0a66f3863648,0,Metrobank,['Login/Authentication']
e2b4482b-f69c-49b0-a5ff-5a0b8d50c410,0,Metrobank,['Performance']
e2c34d84-b4dd-49b2-b5c2-8335774d1e19,0,Metrobank,"['App Stability']"
e2dbc743-27b9-4187-95f9-21053698dbcc,0,Metrobank,"['Login/Authentication', 'App Stability']"
e341d75b-bbf2-4e27-87b6-f0661caf81f0,0,Metrobank,"['App Stability']"
e36918d6-9036-47f5-acdf-582b07f03de0,0,Metrobank,"['Transaction Failures']"
e36dd81f-a192-4ab8-bf90-d2f2f6b58542,0,Metrobank,['Uncategorized']
e39275cd-59b9-4670-ad6b-177ef08d03df,0,Metrobank,['Uncategorized']
e40bc73a-032b-4a90-9e6d-c1612b8865bd,0,Metrobank,['Uncategorized']
e41b28ed-2858-4a8e-a470-fe8941180e15,0,Metrobank,['Uncategorized']
e4273ae4-3e95-48c6-8077-7822e832fd06,0,Metrobank,['Uncategorized']
e4720441-950d-41c7-beac-923384ce3858,0,Metrobank,['Uncategorized']
e4804959-d76b-440b-95c4-56ebf1acc412,0,Metrobank,['Performance']
e48b19ae-878d-4c28-a545-0c91d375c0b1,0,Metrobank,['Uncategorized']
e4a68d7f-503b-4037-96c0-12e85905c245,0,Metrobank,"['App Stability']"
e4fb7ff8-5d7b-4781-9acb-3ac4e9e16766,0,Metrobank,"['App Stability']"
e51f7f0f-2f0c-4b60-bf1c-8584ba372286,0,Metrobank,"['App Stability']"
e53ac3a3-9639-4dde-bfa7-cb994b0761b5,0,Metrobank,['Uncategorized']
e54107ff-73b1-4ed3-9e3b-9e64a63433fa,0,Metrobank,['Uncategorized']
e56bb2b8-8f55-488a-b82c-67bce3425bf2,0,Metrobank,"['Login/Authentication', 'Performance']"
e56e807c-2b9a-4532-991b-4d8de86dacc3,0,Metrobank,"['App Stability']"
e56f104e-a9d9-4b39-8099-5a73dd6689c8,0,Metrobank,['Performance']
e579ca3d-5474-45e3-ab7b-5021f779ca86,0,Metrobank,['Uncategorized']
e595586f-da67-441f-99f1-841e7ca8e613,0,Metrobank,['Uncategorized']
e5b7e5e0-bbf6-4815-8bd2-826d68bf4d04,0,Metrobank,['Login/Authentication']
e5caed81-e611-45da-8610-d80c865f0f5e,0,Metrobank,['Uncategorized']
e5df6608-c702-4774-82e5-20b16db3a085,0,Metrobank,['Uncategorized']
e6056464-af5d-497d-88e9-8419ef29cfe0,0,Metrobank,['Uncategorized']
e621bde6-ecd5-4b0d-993c-39984ab9d91e,0,Metrobank,['Performance']
e62b5a0f-7d51-429c-8b6f-06b2632b2fa5,0,Metrobank,['Performance']
e62e34e8-237b-4578-9643-8e5560ac5f23,0,Metrobank,['Uncategorized']
e641e1ec-6f58-4f1b-abcb-7880fe6f3295,0,Metrobank,['Uncategorized']
e64ccc4a-dd6c-4c04-b66f-0aeb6a8fe372,0,Metrobank,['Uncategorized']
e66103e1-a88c-4af6-8e5c-71ddca6589f3,0,Metrobank,['Performance']
e668f849-6572-4c52-8b83-6c53791f5314,0,Metrobank,['Uncategorized']
e66ea19b-5760-499c-8025-6a594f2a4804,0,Metrobank,['Performance']
e69328c2-f6d7-43d4-af37-0f50f1b6f8dd,0,Metrobank,"['Login/Authentication', 'App Stability']"
e69dba9e-ecb6-43c6-b130-85c9ba51d35d,0,Metrobank,['Login/Authentication']
e6cb216f-1252-4caa-b3ac-fc19efd6830c,0,Metrobank,"['Login/Authentication', 'App Stability']"
e70f78c7-be62-4b09-9911-c06cb9128bdd,0,Metrobank,['Uncategorized']
e716a698-a692-408e-9b2b-0ecc29322633,0,Metrobank,['Uncategorized']
e75faa1b-04b0-4124-954f-16d13022e2aa,0,Metrobank,['Uncategorized']
e795f8b7-98cc-49bd-9b47-4aad91aea9cc,0,Metrobank,"['App Stability']"
e7c0daca-992a-4bf3-a88b-730e50fff4ca,0,Metrobank,['Login/Authentication']
e7c16d62-86de-4f9a-a24f-9676ef9d40ba,0,Metrobank,['Uncategorized']
e7c300eb-af61-4f57-bfa7-c3556e87c133,0,Metrobank,"['App Stability']"
e7cb600d-ae86-4f68-aed3-1557c10c5d17,0,Metrobank,['Uncategorized']
e82dddc5-3e11-4dfe-bec7-b5bab8f40dfe,0,Metrobank,['Uncategorized']
e8325036-6ebe-4276-9579-b75788d845a8,0,Metrobank,"['App Stability']"
e84e43b5-e218-4190-8aef-55f47078fc8e,0,Metrobank,['Login/Authentication']
e86dc271-f834-40da-9776-12a46a7ff853,0,Metrobank,"['App Stability']"
e87b4b2e-de56-4348-bc01-dfd4ea1e2b2d,0,Metrobank,['Performance']
e8d161d0-d2e0-4fe4-834b-1c30da3d34e4,0,Metrobank,"['App Stability']"
e8dfbee5-f411-4059-8e5c-c470146dac3d,0,Metrobank,['Login/Authentication']
e8e12f42-a04c-4c0f-a8a5-e0d8fce1a538,0,Metrobank,['Uncategorized']
e981e84e-168e-40d7-b65a-dfca70557c89,0,Metrobank,['Uncategorized']
e99da6cd-e937-4855-8680-adf778ca8598,0,Metrobank,['Performance']
e9c040c5-fb26-483c-80f8-eef02f58e6c6,0,Metrobank,"['App Stability']"
e9d020bd-22ed-48ae-a7a6-01704ffdf3ba,0,Metrobank,['Uncategorized']
e9db62a8-fe82-4199-bdc0-6407f3e71d81,0,Metrobank,['Performance']
e9ed8916-a6c4-4ca8-80a5-5bc891b84bbc,0,Metrobank,['Login/Authentication']
e9fc85d8-d82c-4218-823b-8eda111b0fb2,0,Metrobank,['Uncategorized']
ea0b0911-c81b-44e2-a5b4-8dd2298b479b,0,Metrobank,['Performance']
ea1be4c6-607e-4665-9470-5ad66546da58,0,Metrobank,['Performance']
ea203496-3847-44ce-b57d-de0c916694aa,0,Metrobank,['Performance']
ea40dcbd-e074-4fc7-b208-d58e579ea715,0,Metrobank,['Uncategorized']
ea4470cb-2ef1-42eb-80c4-7f9084a1f708,0,Metrobank,"['App Stability']"
ea588075-2d51-4f1f-9062-c0205e3966a9,0,Metrobank,['Uncategorized']
ea5ecd3e-adef-4c34-b006-0a8d7b46616d,0,Metrobank,"['App Stability']"
eaa713ed-401f-4f58-b75f-bc04800aa901,0,Metrobank,"['Login/Authentication', 'Performance']"
eab43ee5-b543-4b1a-aa4c-73db5327df25,0,Metrobank,['Uncategorized']
eaddee55-df70-4806-8068-e4f10e2bab89,0,Metrobank,"['App Stability', 'Transaction Failures']"
eb021ad5-123f-431c-9967-ba8f6f7f51ac,0,Metrobank,['Uncategorized']
eb0c41a7-bd80-4b25-9948-097bd164997c,0,Metrobank,['Performance']
eb1d8136-ed1f-4a29-b402-e00d2bb85479,0,Metrobank,['Performance']
eb384d0b-9b99-48e1-8779-9a62a8286437,0,Metrobank,['Uncategorized']
eb3f306e-18be-457a-a560-a009128bc097,0,Metrobank,['Uncategorized']
eb51fd76-8e20-41ff-a7d4-3ea19fd0a109,0,Metrobank,['Performance']
eb7813b8-983b-43b4-a9a8-27a0cbd67917,0,Metrobank,['Uncategorized']
eb979291-f528-4974-b8e5-940a22adcc0b,0,Metrobank,['Uncategorized']
eba7e68f-e68d-4100-bc89-59e6e14501d7,0,Metrobank,['Uncategorized']
ebab75bc-49a9-4b50-9ce5-341f00c905d1,0,Metrobank,"['App Stability', 'Performance']"
ebf60adb-79eb-4e11-803b-dba76261c51f,0,Metrobank,"['App Stability']"
ec3944f2-05dc-45bd-bd70-171030a38704,0,Metrobank,['Performance']
ec417179-6dfb-4927-8ce2-6d737b611e33,0,Metrobank,['Uncategorized']
ec534068-991d-4fc9-b238-35d96b518588,0,Metrobank,['Performance']
ec5bfa3e-dd52-4fdd-8733-e56f01fdf40d,0,Metrobank,['Uncategorized']
ec5da7e1-76c2-459f-8336-486055bbfccf,0,Metrobank,"['App Stability']"
ec67a31e-449e-4b43-9ed9-ef88849a859c,0,Metrobank,['Performance']
ec8aed34-8564-4e1c-ac78-f0626d51117c,0,Metrobank,['Uncategorized']
ecdb762e-4c75-49a7-988a-5a3231d45eb6,0,Metrobank,['Uncategorized']
ece25c2b-8070-4fa1-8ee5-246c001358b7,0,Metrobank,['Login/Authentication']
ed009d8e-64ac-480d-beb5-2d2a27ee8f1b,0,Metrobank,['Uncategorized']
ed07a18a-a971-4478-ba55-e90d7c527598,0,Metrobank,['Uncategorized']
ed1e3ad0-9cbd-43a3-9deb-5ba3e1ec5e3a,0,Metrobank,"['Transaction Failures']"
ed2c19ee-20a4-4756-b87b-9d61408bfa8f,0,Metrobank,['Uncategorized']
ed3d65bf-f49f-4b05-9ed4-dfbb24734ce3,0,Metrobank,"['App Stability']"
ed704323-186c-443c-965d-46dcc19dae48,0,Metrobank,['Uncategorized']
ed7330ff-e034-4643-ae9e-6aff8ea6fba0,0,Metrobank,"['App Stability']"
ed7807a4-5ba5-4754-ae94-df373cf7e126,0,Metrobank,['Uncategorized']
ed8e9403-9d56-47b6-87b2-e449b9932869,0,Metrobank,['Uncategorized']
edb8b1c9-4639-4975-860c-ef72c37fb4c8,0,Metrobank,"['App Stability']"
edca6c40-2d84-4051-8bdf-917287616652,0,Metrobank,['Uncategorized']
edf871b9-0909-431b-a613-4af431520853,0,Metrobank,['Uncategorized']
ee01a46e-a5e9-46c3-a7ff-ef4093f80e57,0,Metrobank,['Performance']
ee104d5c-88af-4ffb-af10-1be4aa594630,0,Metrobank,['Performance']
ee177b0d-5a38-446c-b44f-12c90567ae9f,0,Metrobank,['Uncategorized']
ee40fb39-5610-4c53-8407-b4be1faac933,0,Metrobank,['Uncategorized']
ee833b49-2127-49e8-8647-d047d3e2d2f5,0,Metrobank,"['App Stability']"
eeb98e55-b6af-4874-be24-9ae6684ae059,0,Metrobank,"['App Stability', 'Performance']"
ef0a02f7-08ee-453d-b236-890f746c56b6,0,Metrobank,"['App Stability']"
ef1b031a-8d89-4dec-aa60-a6557662363c,0,Metrobank,['Uncategorized']
ef4750a6-ba35-482e-a92c-61a44960f76f,0,Metrobank,['Uncategorized']
ef6996a3-7c8a-4bc0-9c4f-fa48c83c130b,0,Metrobank,"['Performance', 'Transaction Failures']"
ef6b9045-d4ed-4f6b-9971-2a3501bcaac2,0,Metrobank,"['App Stability']"
ef878a8e-abd8-435d-bb87-c39ff8105cd9,0,Metrobank,['Uncategorized']
eff8e253-1070-4e19-8f18-ce6693810165,0,Metrobank,['Uncategorized']
f04d118e-815d-40d7-b7c4-f56785bbd97a,0,Metrobank,['Uncategorized']
f05f3dff-bfb8-4ae1-a353-17666665063c,0,Metrobank,['Login/Authentication']
f070a08b-6e30-456e-90d8-2835f5f93156,0,Metrobank,['Login/Authentication']
f09fa9dd-cfcb-4f30-8dcd-a6c4d48c9f3a,0,Metrobank,"['Performance', 'Transaction Failures']"
f0c8cd53-72bd-4e74-9147-f8151999167c,0,Metrobank,['Uncategorized']
f0da6e4a-d76f-4e00-b2cb-39a33128c3ad,0,Metrobank,['Performance']
f0ec7171-6d3b-49bf-8c15-13cf62d8efe5,0,Metrobank,['Performance']
f0f9ddb1-49c0-44c1-970f-723a429e502a,0,Metrobank,['Uncategorized']
f107a6af-a37f-489b-ba59-113f17c7ab0a,0,Metrobank,"['Login/Authentication', 'App Stability', 'Performance']"
f13f0c61-d0f6-446c-b1bc-b4190332ee20,0,Metrobank,"['Login/Authentication', 'Customer Service']"
f140b029-6cbf-4eea-8ede-67263baa9d06,0,Metrobank,"['App Stability', 'Performance']"
f150a247-2a59-45af-9d51-822790fbda61,0,Metrobank,"['App Stability']"
f1656d14-741b-4df4-832f-c8b88d92a862,0,Metrobank,['Uncategorized']
f1a6b10a-a5a7-413e-b027-288927b9a8b4,0,Metrobank,"['Login/Authentication', 'Transaction Failures']"
f1b0e481-cf3f-4aa3-899b-7d0088003631,0,Metrobank,['Performance']
f1bae1e5-d8be-49e9-b33d-db14660f4148,0,Metrobank,"['Login/Authentication', 'Transaction Failures']"
f1ec0382-b01b-4b6c-ab97-2e80113239c0,0,Metrobank,['Performance']
f1ecdd9e-30ee-4e09-a1e9-d07538116711,0,Metrobank,['Uncategorized']
f210238e-bfe8-4a02-a963-48a4cd21067d,0,Metrobank,['Uncategorized']
f271ab98-4c2b-40f5-89bc-95c0c65d6647,0,Metrobank,['Uncategorized']
f2cc080e-f732-43a9-aa65-280b67fa0aab,0,Metrobank,['Uncategorized']
f2e43086-9922-49a1-a0fe-bafcf7c4d691,0,Metrobank,['Performance']
f2ff7e3f-bd01-4d7b-ba42-9c9f96f6b752,0,Metrobank,['Login/Authentication']
f3027eaa-1cae-4dc4-83de-6e41f9af3d3e,0,Metrobank,['Uncategorized']
f3060888-ffe1-4139-b9da-9d3fef1496ed,0,Metrobank,['Uncategorized']
f31f5ac7-6aa3-4ab3-a8e6-b679a9e2c7ef,0,Metrobank,"['App Stability']"
f32741f7-502d-43c0-95bb-6c5c492fb2ec,0,Metrobank,['Uncategorized']
f3289beb-3167-4399-9e03-41b6aa59ad56,0,Metrobank,['Uncategorized']
f36a9a11-f3e6-4f9b-a8d1-e423290e77ad,0,Metrobank,['Performance']
f3b1d661-92f8-44ae-b741-e7f054c7fe3a,0,Metrobank,"['App Stability']"
f3bad409-d95b-4336-a84a-9e34e3779fff,0,Metrobank,"['App Stability']"
f3c20ebc-1658-4d54-af23-ec73c227c37b,0,Metrobank,['Performance']
f3ffa52a-660e-45fa-9d20-0c9fef8ade83,0,Metrobank,['Uncategorized']
f41e9d0c-10e3-43ec-90fc-39fd8e28f203,0,Metrobank,"['Login/Authentication', 'Performance']"
f44ab229-75f5-49d7-9993-f70945b9d8ed,0,Metrobank,['Performance']
f44e4474-234a-4079-bd0b-884f1d3f514d,0,Metrobank,['Performance']
f452e266-93a7-49c1-a01b-6914c9e9d5fb,0,Metrobank,"['App Stability']"
f46ceb8c-2ad3-4fba-b8c1-bfab5c8ea735,0,Metrobank,['Uncategorized']
f49e5d4d-4177-4af3-9be9-02f02ad6c635,0,Metrobank,['Uncategorized']
f4a3d146-6579-498c-bebb-16b9d9d93af4,0,Metrobank,"['App Stability']"
f4b763e0-3032-42fb-b96b-0a3bf562381d,0,Metrobank,['Uncategorized']
f522ac49-b05b-435f-803e-97a81ee5f964,0,Metrobank,['Performance']
f53f806b-83d4-49fd-bde7-3af636e04290,0,Metrobank,['Uncategorized']
f56f396f-fc9e-4ea0-bb88-ca529039f987,0,Metrobank,['Login/Authentication']
f56f53e3-44b4-4af7-97dd-da5ee719e049,0,Metrobank,"['App Stability', 'Transaction Failures']"
f57193b5-ce29-4b43-8b40-a972520008a5,0,Metrobank,"['App Stability']"
f5d36b92-da55-4e6b-9999-37ad37b66fe0,0,Metrobank,['Uncategorized']
f5ec2aef-bf19-4621-954c-168c7677c201,0,Metrobank,['Uncategorized']
f608c9a9-83b7-4511-a92a-db8691696723,0,Metrobank,['Performance']
f60e37bb-aebb-4d7c-a3fb-990a9897c39d,0,Metrobank,['Login/Authentication']
f61d39ba-0a35-4dc9-946b-c98d146bb458,0,Metrobank,['Uncategorized']
f673960a-e6bc-4625-9fca-7c10be87d71b,0,Metrobank,['Uncategorized']
f68d9a7d-01e0-4988-be19-d88b246ac6a9,0,Metrobank,['Performance']
f68e7fe4-4ea9-4ec3-bd53-882cbd5d7a97,0,Metrobank,['Performance']
f6dab060-9668-4010-90e0-96eed1506798,0,Metrobank,"['Login/Authentication', 'App Stability']"
f71451e8-0721-49be-89a0-80c5f25c9bfc,0,Metrobank,['Uncategorized']
f7471d38-7b11-4b8e-9a8b-c3a1ece45724,0,Metrobank,['Uncategorized']
f796ae94-13ec-4bb3-9c3c-f5e2f746c905,0,Metrobank,['Uncategorized']
f79c0b7f-d31d-4261-ad5f-d5acece1c76a,0,Metrobank,['Performance']
f7e369b2-df86-4c8b-9461-8869d5ecf7cb,0,Metrobank,['Uncategorized']
f7e73e48-5c09-44ff-83a6-02aacf80c5c2,0,Metrobank,"['App Stability']"
f7eb52d8-d5f2-4399-b15e-0a69050b30b5,0,Metrobank,['Uncategorized']
f7f642c3-c6ba-4450-b33a-d8240a0bf5ae,0,Metrobank,['Performance']
f81bd172-d6ed-4955-ba5f-c4b1852a6833,0,Metrobank,['Performance']
f82d5ef5-7be6-46dc-8660-d9a931e003a8,0,Metrobank,"['App Stability', 'Performance']"
f8309d7d-9909-449e-86f3-ab310879472d,0,Metrobank,['Uncategorized']
f8b9899e-ee7f-4bce-a71c-117dcc954b26,0,Metrobank,['Uncategorized']
f8d8df42-1bb5-4c2e-9c82-6dabb09ea039,0,Metrobank,['Uncategorized']
f8ec9084-c07e-458f-bc58-20e63e5d37a6,0,Metrobank,['Login/Authentication']
f8f973eb-839e-484d-8cdc-9deba8e8c9f4,0,Metrobank,['Uncategorized']
f92e0bab-8595-48cc-b973-0f37720c6b2c,0,Metrobank,"['App Stability']"
f94cd2a5-af10-47bc-9705-e54cae48f500,0,Metrobank,['Performance']
f94e2049-b7d8-4fb7-8e08-876ebc25bace,0,Metrobank,['Performance']
f9538d36-dd17-4ecc-a541-fb9559e9c2d9,0,Metrobank,['Performance']
f966edcc-6c0b-4002-b4fa-8f44bffeff16,0,Metrobank,['Uncategorized']
f971b067-79fa-40aa-87b0-fffdd7c00ad2,0,Metrobank,"['App Stability', 'Performance']"
f9798899-6f0f-404c-81e5-bb133ab99be1,0,Metrobank,"['Login/Authentication', 'Customer Service']"
f97a2056-402a-44bb-bda9-eaa6d5209f54,0,Metrobank,"['App Stability']"
f9a6312e-e34d-46e1-a1d0-654c1f4c8387,0,Metrobank,"['App Stability']"
f9a9cfd4-d829-4965-96d8-37c68fecffe7,0,Metrobank,['Performance']
f9b25ee5-7ced-4429-92df-996918e7b921,0,Metrobank,['Uncategorized']
fa0dcc1d-160c-4a7f-88eb-b84d0971ed1d,0,Metrobank,['Uncategorized']
fa34c49c-0373-463c-b152-a618514c93bd,0,Metrobank,['Uncategorized']
fa3b64b7-6c0c-47ab-89ef-b4dab090d749,0,Metrobank,['Performance']
fa4153e2-f17a-457d-be20-2ee5b9a3de69,0,Metrobank,"['App Stability', 'Performance']"
fa8d8f6c-0d02-4b86-872f-0ad9975e01ad,0,Metrobank,['Uncategorized']
faa4b378-f521-429d-a3f5-afda71a1222a,0,Metrobank,['Uncategorized']
faab1dfe-90d8-4849-b383-e6910c745f7d,0,Metrobank,['Uncategorized']
fac501d1-78c7-41db-8621-927d6e570435,0,Metrobank,['Uncategorized']
fad0b260-b1cc-49b0-b488-753d660d8a60,0,Metrobank,['Login/Authentication']
fad70c5d-e609-4094-89e4-15451e478d5f,0,Metrobank,['Uncategorized']
faf9b314-a4a7-4ef2-8c54-d56299b9f225,0,Metrobank,['Uncategorized']
fb0fe3f3-11fa-48e9-bac3-256829dbbd19,0,Metrobank,['Performance']
fb2b1e20-bb6a-44c8-92fa-3ade42d63000,0,Metrobank,['Login/Authentication']
fb32d3ef-f1b5-43e8-a73a-d5dc8fa4009f,0,Metrobank,"['App Stability', 'Transaction Failures']"
fb3b411f-af08-4392-b3a9-9a85005d29f9,0,Metrobank,['Performance']
fb544314-98fb-40df-8418-4fd2aa16e5a6,0,Metrobank,"['App Stability']"
fc1a9b16-905d-4900-a0ea-8539c6c0a698,0,Metrobank,['Uncategorized']
fc5e96c1-84be-4d1b-b438-853e13a6bd2d,0,Metrobank,['Uncategorized']
fc8d13e7-b8ff-4cfe-9842-7163b89616c2,0,Metrobank,['Uncategorized']
fc979c58-036d-4da7-9ba5-d7ecc2b3b042,0,Metrobank,['Performance']
fcad5987-6f00-4c9e-aee8-5a72fa226b8a,0,Metrobank,['Performance']
fcc183fe-f0d9-4433-ac69-54b8af8ca1dc,0,Metrobank,['Uncategorized']
fcd70573-de3e-4642-8435-0b192031a5cd,0,Metrobank,"['App Stability']"
fcde29af-f1b6-4f93-8553-905d603f2dec,0,Metrobank,"['App Stability']"
fd20ae26-71c2-418f-b5db-a9658994e4c1,0,Metrobank,['Uncategorized']
fd225b1d-ef2a-49f7-84b5-5a5fc042f617,0,Metrobank,"['App Stability']"
fd461ffb-98f1-4f20-bc5d-f500807de2c9,0,Metrobank,"['App Stability']"
fd85df95-f771-436d-b470-313999a2d563,0,Metrobank,['Performance']
fd8c8f21-4d37-4798-a302-af51abf3572c,0,Metrobank,['Uncategorized']
fd993cec-db7e-47f6-8f61-15c46e5e5f4e,0,Metrobank,['Login/Authentication']
fdb2547a-b6b1-417a-b01e-51726500d15f,0,Metrobank,"['App Stability', 'Transaction Failures']"
fdc8a7e6-80fc-4afb-8855-cff1527aaae9,0,Metrobank,"['App Stability']"
fdf34e38-86b2-427f-b3e7-328a34577010,0,Metrobank,['Performance']
fe0aa3ae-4bc2-46e4-8998-77db38854c5c,0,Metrobank,['Performance']
fe11b4b9-87c6-424f-ad07-114dd341108a,0,Metrobank,['Uncategorized']
fe2d523c-3a8c-4e4f-916c-aa9eaf49eb9a,0,Metrobank,['Performance']
fe35cf90-a5ab-44a0-b192-bcea64ba4400,0,Metrobank,['Login/Authentication']
fe563d86-918c-40c2-8edb-82aeaf2674ad,0,Metrobank,['Uncategorized']
fe6bafb9-8bda-46ad-8952-b949e750db82,0,Metrobank,"['Login/Authentication', 'App Stability']"
fe6da3a8-1f70-4bb1-bb92-bb1c00389582,0,Metrobank,['Uncategorized']
fe79d8cb-56c9-4480-ba9f-414b556c3717,0,Metrobank,['Uncategorized']
fe8b7973-6015-4dca-8b87-01520d2e454e,0,Metrobank,"['App Stability']"
febd6d7e-29ca-423f-992d-024a5a7e7fbf,0,Metrobank,"['App Stability', 'Performance']"
feef1a22-a3db-4f5d-ba87-0bab50089b68,0,Metrobank,['Uncategorized']
ff58e335-a385-40fe-94b2-24c599c896be,0,Metrobank,['Login/Authentication']
ff5ea8d4-3ec9-4adc-9353-2463a090a6e7,0,Metrobank,['Uncategorized']
ff73fcd6-9a66-4ba3-a4f5-3ceebdf70d47,0,Metrobank,"['App Stability']"
ffb09da6-1527-45cb-95b7-ea5342e55460,0,Metrobank,['Performance']
ffc62b0f-cd3a-4ada-95f3-fd85b1255ade,0,Metrobank,['Login/Authentication']
ffce61fe-a39a-464e-8037-5d148c5d5bc2,0,Metrobank,"['App Stability', 'Performance']"
